date,season,home_team,away_team,home_score,away_score,home_moneyline,away_moneyline,home_odds,away_odds,home_win
2015-10-07,2015-16,TOR,MTL,1,3,150.0,-170.0,2.5,1.588,0
2015-10-07,2015-16,CHI,NYR,2,3,-135.0,115.0,1.741,2.15,0
2015-10-07,2015-16,CGY,VAN,1,5,-135.0,115.0,1.741,2.15,0
2015-10-07,2015-16,LAK,SJS,1,5,-160.0,140.0,1.625,2.4,0
2015-10-08,2015-16,BUF,OTT,1,3,125.0,-145.0,2.25,1.69,0
2015-10-08,2015-16,BOS,WPG,2,6,-120.0,100.0,1.833,2.0,0
2015-10-08,2015-16,TBL,PHI,3,2,-200.0,170.0,1.5,2.7,1
2015-10-08,2015-16,STL,EDM,3,1,-185.0,165.0,1.541,2.65,1
2015-10-08,2015-16,NSH,CAR,2,1,-190.0,170.0,1.526,2.7,1
2015-10-08,2015-16,DAL,PIT,3,0,-115.0,-105.0,1.87,1.952,1
2015-10-08,2015-16,COL,MIN,4,5,115.0,-135.0,2.15,1.741,0
2015-10-09,2015-16,LAK,ARI,1,4,-260.0,210.0,1.385,3.1,0
2015-10-09,2015-16,DET,TOR,4,0,-165.0,145.0,1.606,2.45,1
2015-10-09,2015-16,NYI,CHI,2,3,-108.0,-112.0,1.926,1.893,0
2015-10-09,2015-16,CBJ,NYR,2,4,-103.0,-117.0,1.971,1.855,0
2015-10-09,2015-16,NJD,WPG,1,3,103.0,-123.0,2.03,1.813,0
2015-10-10,2015-16,SJS,ANA,2,0,-130.0,110.0,1.769,2.1,1
2015-10-10,2015-16,VAN,CGY,2,3,-145.0,125.0,1.69,2.25,0
2015-10-10,2015-16,ARI,PIT,2,1,170.0,-200.0,2.7,1.5,1
2015-10-10,2015-16,CHI,NYI,4,1,-145.0,125.0,1.69,2.25,1
2015-10-10,2015-16,MIN,STL,3,2,-130.0,110.0,1.769,2.1,1
2015-10-10,2015-16,NYR,CBJ,5,2,-165.0,145.0,1.606,2.45,1
2015-10-10,2015-16,COL,DAL,6,3,-108.0,-112.0,1.926,1.893,1
2015-10-10,2015-16,FLA,PHI,7,1,-120.0,100.0,1.833,2.0,1
2015-10-10,2015-16,CAR,DET,3,4,-105.0,-115.0,1.952,1.87,0
2015-10-10,2015-16,TOR,OTT,4,5,135.0,-155.0,2.35,1.645,0
2015-10-10,2015-16,NSH,EDM,2,0,-200.0,170.0,1.5,2.7,1
2015-10-10,2015-16,BOS,MTL,2,4,-105.0,-115.0,1.952,1.87,0
2015-10-10,2015-16,BUF,TBL,1,4,185.0,-215.0,2.85,1.465,0
2015-10-10,2015-16,WSH,NJD,5,3,-260.0,210.0,1.385,3.1,1
2015-10-11,2015-16,OTT,MTL,1,3,-115.0,-105.0,1.87,1.952,0
2015-10-12,2015-16,ANA,VAN,1,2,-165.0,145.0,1.606,2.45,0
2015-10-12,2015-16,PHI,FLA,1,0,-113.0,-107.0,1.885,1.935,1
2015-10-12,2015-16,NYI,WPG,4,2,-125.0,105.0,1.8,2.05,1
2015-10-12,2015-16,BOS,TBL,3,6,125.0,-145.0,2.25,1.69,0
2015-10-12,2015-16,BUF,CBJ,4,2,142.0,-162.0,2.42,1.617,1
2015-10-13,2015-16,DAL,EDM,4,2,-180.0,160.0,1.556,2.6,1
2015-10-13,2015-16,LAK,VAN,0,3,-170.0,150.0,1.588,2.5,0
2015-10-13,2015-16,CGY,STL,3,4,120.0,-140.0,2.2,1.714,0
2015-10-13,2015-16,DET,TBL,3,1,-113.0,-107.0,1.885,1.935,1
2015-10-13,2015-16,NYR,WPG,1,4,-180.0,160.0,1.556,2.6,0
2015-10-13,2015-16,PIT,MTL,2,3,-132.0,112.0,1.758,2.12,0
2015-10-13,2015-16,WSH,SJS,0,5,105.0,-125.0,2.05,1.8,0
2015-10-13,2015-16,CAR,FLA,1,4,-160.0,140.0,1.625,2.4,0
2015-10-13,2015-16,NJD,NSH,1,3,152.0,-172.0,2.52,1.581,0
2015-10-14,2015-16,CBJ,OTT,3,7,-113.0,-107.0,1.885,1.935,0
2015-10-14,2015-16,PHI,CHI,3,0,122.0,-142.0,2.22,1.704,1
2015-10-14,2015-16,COL,BOS,2,6,-155.0,135.0,1.645,2.35,0
2015-10-14,2015-16,ANA,ARI,0,4,-210.0,180.0,1.476,2.8,0
2015-10-15,2015-16,MTL,NYR,3,0,-117.0,-103.0,1.855,1.971,1
2015-10-15,2015-16,ARI,MIN,3,4,140.0,-160.0,2.4,1.625,0
2015-10-15,2015-16,EDM,STL,2,4,120.0,-140.0,2.2,1.714,0
2015-10-15,2015-16,TBL,DAL,3,5,-162.0,142.0,1.617,2.42,0
2015-10-15,2015-16,FLA,BUF,3,2,-200.0,170.0,1.5,2.7,1
2015-10-15,2015-16,WSH,CHI,4,1,-115.0,-105.0,1.87,1.952,1
2015-10-15,2015-16,PIT,OTT,2,0,-176.0,156.0,1.568,2.56,1
2015-10-15,2015-16,NYI,NSH,4,3,-113.0,-107.0,1.885,1.935,1
2015-10-16,2015-16,CBJ,TOR,3,6,-155.0,135.0,1.645,2.35,0
2015-10-16,2015-16,NJD,SJS,1,2,135.0,-155.0,2.35,1.645,0
2015-10-16,2015-16,DET,CAR,3,5,-170.0,150.0,1.588,2.5,0
2015-10-16,2015-16,WPG,CGY,3,1,-145.0,125.0,1.69,2.25,1
2015-10-16,2015-16,ANA,COL,0,3,-205.0,175.0,1.488,2.75,0
2015-10-16,2015-16,VAN,STL,3,4,-130.0,110.0,1.769,2.1,0
2015-10-16,2015-16,LAK,MIN,2,1,-140.0,120.0,1.714,2.2,1
2015-10-17,2015-16,CHI,CBJ,4,1,-260.0,210.0,1.385,3.1,1
2015-10-17,2015-16,PIT,TOR,2,1,-250.0,210.0,1.4,3.1,1
2015-10-17,2015-16,CGY,EDM,2,5,-140.0,120.0,1.714,2.2,0
2015-10-17,2015-16,ARI,BOS,3,5,105.0,-125.0,2.05,1.8,0
2015-10-17,2015-16,NYI,SJS,6,3,-165.0,145.0,1.606,2.45,1
2015-10-17,2015-16,MTL,DET,4,1,-185.0,165.0,1.541,2.65,1
2015-10-17,2015-16,TBL,BUF,2,1,-285.0,235.0,1.351,3.35,1
2015-10-17,2015-16,OTT,NSH,3,4,-106.0,-114.0,1.943,1.877,0
2015-10-17,2015-16,WSH,CAR,4,1,-205.0,175.0,1.488,2.75,1
2015-10-17,2015-16,FLA,DAL,2,4,-120.0,100.0,1.833,2.0,0
2015-10-18,2015-16,VAN,EDM,1,2,-210.0,180.0,1.476,2.8,0
2015-10-18,2015-16,ANA,MIN,4,1,-115.0,-105.0,1.87,1.952,1
2015-10-18,2015-16,LAK,COL,2,1,-185.0,165.0,1.541,2.65,1
2015-10-18,2015-16,NYR,NJD,1,2,-225.0,195.0,1.444,2.95,0
2015-10-18,2015-16,WPG,STL,2,4,-125.0,105.0,1.8,2.05,0
2015-10-19,2015-16,NYR,SJS,4,0,-103.0,-117.0,1.971,1.855,1
2015-10-20,2015-16,CGY,WSH,2,6,122.0,-142.0,2.22,1.704,0
2015-10-20,2015-16,CBJ,NYI,0,4,123.0,-143.0,2.23,1.699,0
2015-10-20,2015-16,PIT,FLA,3,2,-150.0,130.0,1.667,2.3,1
2015-10-20,2015-16,NJD,ARI,3,2,-116.0,-104.0,1.862,1.962,1
2015-10-20,2015-16,PHI,DAL,1,2,-105.0,-115.0,1.952,1.87,0
2015-10-20,2015-16,MTL,STL,3,0,-150.0,130.0,1.667,2.3,1
2015-10-20,2015-16,NSH,TBL,5,4,-120.0,100.0,1.833,2.0,1
2015-10-21,2015-16,COL,CAR,0,1,-134.0,114.0,1.746,2.14,0
2015-10-21,2015-16,EDM,DET,3,1,102.0,-122.0,2.02,1.82,1
2015-10-21,2015-16,BUF,TOR,2,1,-115.0,-105.0,1.87,1.952,1
2015-10-21,2015-16,BOS,PHI,4,5,-165.0,145.0,1.606,2.45,0
2015-10-22,2015-16,SJS,LAK,1,4,-116.0,-104.0,1.862,1.962,0
2015-10-22,2015-16,VAN,WSH,2,3,-105.0,-115.0,1.952,1.87,0
2015-10-22,2015-16,CHI,FLA,3,2,-155.0,135.0,1.645,2.35,1
2015-10-22,2015-16,NSH,ANA,5,1,-150.0,130.0,1.667,2.3,1
2015-10-22,2015-16,PIT,DAL,1,4,-127.0,107.0,1.787,2.07,0
2015-10-22,2015-16,OTT,NJD,4,5,-160.0,140.0,1.625,2.4,0
2015-10-22,2015-16,MIN,CBJ,3,2,-175.0,155.0,1.571,2.55,1
2015-10-22,2015-16,NYR,ARI,4,1,-215.0,185.0,1.465,2.85,1
2015-10-23,2015-16,BUF,MTL,2,7,129.0,-149.0,2.29,1.671,0
2015-10-23,2015-16,NYI,BOS,3,5,-178.0,158.0,1.562,2.58,0
2015-10-23,2015-16,WPG,TBL,3,4,-116.0,-104.0,1.862,1.962,0
2015-10-23,2015-16,EDM,WSH,4,7,-103.0,-117.0,1.971,1.855,0
2015-10-23,2015-16,CGY,DET,3,2,-108.0,-112.0,1.926,1.893,1
2015-10-23,2015-16,LAK,CAR,3,0,-175.0,155.0,1.571,2.55,1
2015-10-24,2015-16,BUF,NJD,3,4,106.0,-126.0,2.06,1.794,0
2015-10-24,2015-16,VAN,DET,2,3,-177.0,157.0,1.565,2.57,0
2015-10-24,2015-16,COL,CBJ,3,4,-135.0,115.0,1.741,2.15,0
2015-10-24,2015-16,CHI,TBL,1,0,-145.0,125.0,1.69,2.25,1
2015-10-24,2015-16,STL,NYI,2,3,-140.0,120.0,1.714,2.2,0
2015-10-24,2015-16,NSH,PIT,1,2,-134.0,114.0,1.746,2.14,0
2015-10-24,2015-16,PHI,NYR,3,2,110.0,-130.0,2.1,1.769,1
2015-10-24,2015-16,MTL,TOR,5,3,-240.0,200.0,1.417,3.0,1
2015-10-24,2015-16,OTT,ARI,1,4,-175.0,155.0,1.571,2.55,0
2015-10-24,2015-16,SJS,CAR,5,2,-202.0,172.0,1.495,2.72,1
2015-10-24,2015-16,MIN,ANA,3,0,-125.0,105.0,1.8,2.05,1
2015-10-24,2015-16,DAL,FLA,2,6,-175.0,155.0,1.571,2.55,0
2015-10-25,2015-16,EDM,LAK,2,3,119.0,-139.0,2.19,1.719,0
2015-10-25,2015-16,WPG,MIN,5,4,-145.0,125.0,1.69,2.25,1
2015-10-25,2015-16,NYR,CGY,4,1,-145.0,125.0,1.69,2.25,1
2015-10-26,2015-16,NYI,CGY,4,0,-210.0,180.0,1.476,2.8,1
2015-10-26,2015-16,TOR,ARI,3,4,-115.0,-105.0,1.87,1.952,0
2015-10-26,2015-16,CHI,ANA,1,0,-151.0,131.0,1.662,2.31,1
2015-10-27,2015-16,MIN,EDM,4,3,-176.0,156.0,1.568,2.56,1
2015-10-27,2015-16,VAN,MTL,5,1,100.0,-120.0,2.0,1.833,1
2015-10-27,2015-16,DAL,ANA,4,3,-185.0,165.0,1.541,2.65,1
2015-10-27,2015-16,WPG,LAK,1,4,-115.0,-105.0,1.87,1.952,0
2015-10-27,2015-16,STL,TBL,2,0,-113.0,-107.0,1.885,1.935,1
2015-10-27,2015-16,FLA,COL,4,1,-167.0,147.0,1.599,2.47,1
2015-10-27,2015-16,DET,CAR,1,3,-140.0,120.0,1.714,2.2,0
2015-10-27,2015-16,BOS,ARI,6,0,-215.0,185.0,1.465,2.85,1
2015-10-27,2015-16,NJD,CBJ,1,3,-115.0,-105.0,1.87,1.952,0
2015-10-27,2015-16,PHI,BUF,3,4,-200.0,170.0,1.5,2.7,0
2015-10-28,2015-16,OTT,CGY,5,4,-150.0,130.0,1.667,2.3,1
2015-10-28,2015-16,WSH,PIT,1,3,-148.0,128.0,1.676,2.28,0
2015-10-28,2015-16,SJS,NSH,1,2,-107.0,-113.0,1.935,1.885,0
2015-10-29,2015-16,STL,ANA,2,1,-150.0,130.0,1.667,2.3,1
2015-10-29,2015-16,DAL,VAN,4,3,-131.0,111.0,1.763,2.11,1
2015-10-29,2015-16,WPG,CHI,3,1,-115.0,-105.0,1.87,1.952,1
2015-10-29,2015-16,EDM,MTL,4,3,128.0,-148.0,2.28,1.676,1
2015-10-29,2015-16,PHI,NJD,1,4,-150.0,130.0,1.667,2.3,0
2015-10-29,2015-16,PIT,BUF,4,3,-210.0,180.0,1.476,2.8,1
2015-10-29,2015-16,NYI,CAR,2,3,-185.0,165.0,1.541,2.65,0
2015-10-29,2015-16,TBL,COL,1,2,-205.0,175.0,1.488,2.75,0
2015-10-30,2015-16,CGY,MTL,2,6,-120.0,100.0,1.833,2.0,0
2015-10-30,2015-16,NYR,TOR,3,1,-215.0,185.0,1.465,2.85,1
2015-10-30,2015-16,MIN,CHI,5,4,-155.0,135.0,1.645,2.35,1
2015-10-30,2015-16,ARI,VAN,3,4,-101.0,-119.0,1.99,1.84,0
2015-10-30,2015-16,FLA,BOS,1,3,-114.0,-106.0,1.877,1.943,0
2015-10-30,2015-16,CAR,COL,3,2,-130.0,110.0,1.769,2.1,1
2015-10-30,2015-16,BUF,PHI,3,1,110.0,-130.0,2.1,1.769,1
2015-10-30,2015-16,WSH,CBJ,2,1,-205.0,175.0,1.488,2.75,1
2015-10-30,2015-16,DET,OTT,1,3,-130.0,110.0,1.769,2.1,0
2015-10-31,2015-16,STL,MIN,3,2,-130.0,110.0,1.769,2.1,1
2015-10-31,2015-16,CBJ,WPG,2,3,115.0,-135.0,2.15,1.741,0
2015-10-31,2015-16,FLA,WSH,1,2,120.0,-140.0,2.2,1.714,0
2015-10-31,2015-16,OTT,DET,3,5,-135.0,115.0,1.741,2.15,0
2015-10-31,2015-16,EDM,CGY,4,5,-126.0,106.0,1.794,2.06,0
2015-10-31,2015-16,TOR,PIT,0,4,130.0,-150.0,2.3,1.667,0
2015-10-31,2015-16,LAK,NSH,4,3,-135.0,115.0,1.741,2.15,1
2015-10-31,2015-16,DAL,SJS,5,3,-158.0,138.0,1.633,2.38,1
2015-10-31,2015-16,NJD,NYI,3,2,110.0,-130.0,2.1,1.769,1
2015-10-31,2015-16,TBL,BOS,1,3,-185.0,165.0,1.541,2.65,0
2015-11-01,2015-16,ANA,NSH,4,2,-120.0,100.0,1.833,2.0,1
2015-11-01,2015-16,MTL,WPG,5,1,-145.0,125.0,1.69,2.25,1
2015-11-01,2015-16,NYI,BUF,1,2,-200.0,170.0,1.5,2.7,0
2015-11-01,2015-16,COL,SJS,3,4,-110.0,-110.0,1.909,1.909,0
2015-11-01,2015-16,CAR,TBL,3,4,100.0,-120.0,2.0,1.833,0
2015-11-02,2015-16,TOR,DAL,4,1,140.0,-160.0,2.4,1.625,1
2015-11-02,2015-16,CHI,LAK,4,2,-111.0,-109.0,1.901,1.917,1
2015-11-02,2015-16,VAN,PHI,4,1,-150.0,130.0,1.667,2.3,1
2015-11-03,2015-16,EDM,PHI,4,2,-140.0,120.0,1.714,2.2,1
2015-11-03,2015-16,SJS,CBJ,2,5,-173.0,153.0,1.578,2.53,0
2015-11-03,2015-16,COL,CGY,6,3,-115.0,-105.0,1.87,1.952,1
2015-11-03,2015-16,DET,TBL,2,1,110.0,-130.0,2.1,1.769,1
2015-11-03,2015-16,STL,LAK,0,3,-145.0,125.0,1.69,2.25,0
2015-11-03,2015-16,NYI,NJD,2,1,-168.0,148.0,1.595,2.48,1
2015-11-03,2015-16,NYR,WSH,5,2,-115.0,-105.0,1.87,1.952,1
2015-11-03,2015-16,BOS,DAL,3,5,-160.0,140.0,1.625,2.4,0
2015-11-03,2015-16,MTL,OTT,1,2,-155.0,135.0,1.645,2.35,0
2015-11-04,2015-16,TOR,WPG,2,4,120.0,-140.0,2.2,1.714,0
2015-11-04,2015-16,CHI,STL,5,6,-141.0,121.0,1.709,2.21,0
2015-11-04,2015-16,VAN,PIT,2,3,-118.0,-102.0,1.847,1.98,0
2015-11-04,2015-16,ANA,FLA,3,2,-131.0,111.0,1.763,2.11,1
2015-11-05,2015-16,ARI,COL,4,2,-127.0,107.0,1.787,2.07,1
2015-11-05,2015-16,SJS,FLA,5,2,-185.0,165.0,1.541,2.65,1
2015-11-05,2015-16,LAK,CBJ,2,3,-185.0,165.0,1.541,2.65,0
2015-11-05,2015-16,CGY,PHI,2,1,-140.0,120.0,1.714,2.2,1
2015-11-05,2015-16,OTT,WPG,3,2,-120.0,100.0,1.833,2.0,1
2015-11-05,2015-16,MTL,NYI,4,1,-131.0,111.0,1.763,2.11,1
2015-11-05,2015-16,BUF,TBL,1,4,134.0,-154.0,2.34,1.649,0
2015-11-05,2015-16,WSH,BOS,4,1,-146.0,126.0,1.685,2.26,1
2015-11-05,2015-16,MIN,NSH,2,3,-109.0,-111.0,1.917,1.901,0
2015-11-06,2015-16,ANA,CBJ,4,2,-210.0,180.0,1.476,2.8,1
2015-11-06,2015-16,NJD,CHI,4,2,111.0,-131.0,2.11,1.763,1
2015-11-06,2015-16,TOR,DET,1,2,101.0,-121.0,2.01,1.826,0
2015-11-06,2015-16,CAR,DAL,1,4,115.0,-135.0,2.15,1.741,0
2015-11-06,2015-16,EDM,PIT,1,2,131.0,-151.0,2.31,1.662,0
2015-11-06,2015-16,COL,NYR,1,2,132.0,-152.0,2.32,1.658,0
2015-11-07,2015-16,ARI,NYR,1,4,105.0,-125.0,2.05,1.8,0
2015-11-07,2015-16,NSH,STL,0,4,-120.0,100.0,1.833,2.0,0
2015-11-07,2015-16,CGY,PIT,5,2,115.0,-135.0,2.15,1.741,1
2015-11-07,2015-16,SJS,ANA,0,1,-155.0,135.0,1.645,2.35,0
2015-11-07,2015-16,MIN,TBL,1,0,-125.0,105.0,1.8,2.05,1
2015-11-07,2015-16,LAK,FLA,4,1,-185.0,165.0,1.541,2.65,1
2015-11-07,2015-16,MTL,BOS,4,2,-165.0,145.0,1.606,2.45,1
2015-11-07,2015-16,BUF,VAN,3,2,142.0,-162.0,2.42,1.617,1
2015-11-07,2015-16,WSH,TOR,3,2,-295.0,235.0,1.339,3.35,1
2015-11-07,2015-16,WPG,PHI,0,3,-170.0,150.0,1.588,2.5,0
2015-11-07,2015-16,CAR,OTT,3,2,-105.0,-115.0,1.952,1.87,1
2015-11-08,2015-16,DET,DAL,1,4,105.0,-125.0,2.05,1.8,0
2015-11-08,2015-16,NJD,VAN,4,3,-108.0,-112.0,1.926,1.893,1
2015-11-08,2015-16,NYI,BOS,1,2,-140.0,120.0,1.714,2.2,0
2015-11-08,2015-16,CHI,EDM,4,2,-205.0,175.0,1.488,2.75,1
2015-11-09,2015-16,ANA,ARI,3,4,-185.0,165.0,1.541,2.65,0
2015-11-10,2015-16,SJS,NYI,2,4,-125.0,105.0,1.8,2.05,0
2015-11-10,2015-16,DAL,TOR,2,3,-215.0,185.0,1.465,2.85,0
2015-11-10,2015-16,MIN,WPG,5,3,-136.0,116.0,1.735,2.16,1
2015-11-10,2015-16,NSH,OTT,7,5,-180.0,160.0,1.556,2.6,1
2015-11-10,2015-16,DET,WSH,1,0,116.0,-136.0,2.16,1.735,1
2015-11-10,2015-16,NYR,CAR,3,0,-181.0,161.0,1.552,2.61,1
2015-11-10,2015-16,FLA,CGY,4,3,-130.0,110.0,1.769,2.1,1
2015-11-10,2015-16,CBJ,VAN,3,5,-118.0,-102.0,1.847,1.98,0
2015-11-10,2015-16,LAK,ARI,2,3,-265.0,215.0,1.377,3.15,0
2015-11-10,2015-16,NJD,STL,0,2,121.0,-141.0,2.21,1.709,0
2015-11-10,2015-16,TBL,BUF,1,4,-205.0,175.0,1.488,2.75,0
2015-11-10,2015-16,PHI,COL,0,4,-127.0,107.0,1.787,2.07,0
2015-11-11,2015-16,ANA,EDM,3,4,-180.0,160.0,1.556,2.6,0
2015-11-11,2015-16,PIT,MTL,4,3,-127.0,107.0,1.787,2.07,1
2015-11-12,2015-16,PHI,WSH,2,5,120.0,-140.0,2.2,1.714,0
2015-11-12,2015-16,LAK,NYI,2,1,-135.0,115.0,1.741,2.15,1
2015-11-12,2015-16,DAL,WPG,6,3,-140.0,120.0,1.714,2.2,1
2015-11-12,2015-16,CHI,NJD,2,3,-185.0,165.0,1.541,2.65,0
2015-11-12,2015-16,NSH,TOR,1,2,-260.0,210.0,1.385,3.1,0
2015-11-12,2015-16,FLA,BUF,2,3,-170.0,150.0,1.588,2.5,0
2015-11-12,2015-16,ARI,EDM,4,1,-145.0,125.0,1.69,2.25,1
2015-11-12,2015-16,TBL,CGY,3,1,-175.0,155.0,1.571,2.55,1
2015-11-12,2015-16,CAR,MIN,2,3,105.0,-125.0,2.05,1.8,0
2015-11-12,2015-16,BOS,COL,2,3,-170.0,150.0,1.588,2.5,0
2015-11-12,2015-16,NYR,STL,6,3,-135.0,115.0,1.741,2.15,1
2015-11-12,2015-16,OTT,VAN,3,2,-105.0,-115.0,1.952,1.87,1
2015-11-13,2015-16,WSH,CGY,2,3,-185.0,165.0,1.541,2.65,0
2015-11-13,2015-16,PIT,CBJ,1,2,-200.0,170.0,1.5,2.7,0
2015-11-13,2015-16,DET,SJS,2,3,-115.0,-105.0,1.87,1.952,0
2015-11-13,2015-16,ANA,NYI,1,4,-140.0,120.0,1.714,2.2,0
2015-11-14,2015-16,LAK,EDM,4,3,-230.0,190.0,1.435,2.9,1
2015-11-14,2015-16,STL,CHI,2,4,-130.0,110.0,1.769,2.1,0
2015-11-14,2015-16,DAL,MIN,3,2,-135.0,115.0,1.741,2.15,1
2015-11-14,2015-16,CBJ,ARI,5,2,-125.0,105.0,1.8,2.05,1
2015-11-14,2015-16,BUF,SJS,1,2,110.0,-130.0,2.1,1.769,0
2015-11-14,2015-16,TOR,VAN,4,2,110.0,-130.0,2.1,1.769,1
2015-11-14,2015-16,MTL,COL,1,6,-185.0,165.0,1.541,2.65,0
2015-11-14,2015-16,BOS,DET,3,1,-155.0,135.0,1.645,2.35,1
2015-11-14,2015-16,NSH,WPG,7,0,-180.0,160.0,1.556,2.6,1
2015-11-14,2015-16,CAR,PHI,2,3,-155.0,135.0,1.645,2.35,0
2015-11-14,2015-16,NJD,PIT,4,0,-105.0,-115.0,1.952,1.87,1
2015-11-14,2015-16,OTT,NYR,1,2,115.0,-135.0,2.15,1.741,0
2015-11-14,2015-16,TBL,FLA,4,5,-160.0,140.0,1.625,2.4,0
2015-11-15,2015-16,NYR,TOR,4,3,-215.0,185.0,1.465,2.85,1
2015-11-15,2015-16,CHI,CGY,4,1,-170.0,150.0,1.588,2.5,1
2015-11-16,2015-16,STL,WPG,3,2,-160.0,140.0,1.625,2.4,1
2015-11-16,2015-16,OTT,DET,3,4,-125.0,105.0,1.8,2.05,0
2015-11-16,2015-16,MTL,VAN,4,3,-160.0,140.0,1.625,2.4,1
2015-11-16,2015-16,NYI,ARI,5,2,-210.0,180.0,1.476,2.8,1
2015-11-16,2015-16,CAR,ANA,1,4,105.0,-125.0,2.05,1.8,0
2015-11-16,2015-16,FLA,TBL,1,0,-115.0,-105.0,1.87,1.952,1
2015-11-17,2015-16,PIT,MIN,4,3,-125.0,105.0,1.8,2.05,1
2015-11-17,2015-16,CGY,NJD,3,2,-125.0,105.0,1.8,2.05,1
2015-11-17,2015-16,NSH,ANA,3,2,-175.0,155.0,1.571,2.55,1
2015-11-17,2015-16,TOR,COL,5,1,-105.0,-115.0,1.952,1.87,1
2015-11-17,2015-16,BUF,DAL,1,3,145.0,-165.0,2.45,1.606,0
2015-11-17,2015-16,BOS,SJS,4,5,-135.0,115.0,1.741,2.15,0
2015-11-17,2015-16,PHI,LAK,2,3,140.0,-160.0,2.4,1.625,0
2015-11-17,2015-16,CBJ,STL,3,1,100.0,-120.0,2.0,1.833,1
2015-11-18,2015-16,WPG,VAN,4,1,-115.0,-105.0,1.87,1.952,1
2015-11-18,2015-16,DET,WSH,1,2,110.0,-130.0,2.1,1.769,0
2015-11-18,2015-16,EDM,CHI,3,4,155.0,-175.0,2.55,1.571,0
2015-11-19,2015-16,FLA,ANA,1,3,-115.0,-105.0,1.87,1.952,0
2015-11-19,2015-16,MTL,ARI,2,3,-200.0,170.0,1.5,2.7,0
2015-11-19,2015-16,STL,BUF,3,2,-205.0,175.0,1.488,2.75,1
2015-11-19,2015-16,OTT,CBJ,3,0,-145.0,125.0,1.69,2.25,1
2015-11-19,2015-16,BOS,MIN,4,2,-115.0,-105.0,1.87,1.952,1
2015-11-19,2015-16,PIT,COL,4,3,-168.0,148.0,1.595,2.48,1
2015-11-19,2015-16,PHI,SJS,0,1,115.0,-135.0,2.15,1.741,0
2015-11-19,2015-16,WSH,DAL,2,3,-115.0,-105.0,1.87,1.952,0
2015-11-19,2015-16,TBL,NYR,2,1,-104.0,-116.0,1.962,1.862,1
2015-11-20,2015-16,CAR,TOR,1,2,-130.0,110.0,1.769,2.1,0
2015-11-20,2015-16,CBJ,NSH,4,0,160.0,-180.0,2.6,1.556,1
2015-11-20,2015-16,NYI,MTL,3,5,-125.0,105.0,1.8,2.05,0
2015-11-20,2015-16,DET,LAK,3,2,-105.0,-115.0,1.952,1.87,1
2015-11-20,2015-16,EDM,NJD,5,1,-125.0,105.0,1.8,2.05,1
2015-11-20,2015-16,CGY,CHI,2,1,125.0,-145.0,2.25,1.69,1
2015-11-21,2015-16,VAN,CHI,6,3,-115.0,-105.0,1.87,1.952,1
2015-11-21,2015-16,STL,DET,3,4,-165.0,145.0,1.606,2.45,0
2015-11-21,2015-16,MIN,NSH,4,0,-120.0,100.0,1.833,2.0,1
2015-11-21,2015-16,DAL,BUF,3,0,-200.0,170.0,1.5,2.7,1
2015-11-21,2015-16,WPG,ARI,3,2,-170.0,150.0,1.588,2.5,1
2015-11-21,2015-16,PIT,SJS,1,3,-125.0,105.0,1.8,2.05,0
2015-11-21,2015-16,FLA,NYR,4,5,125.0,-145.0,2.25,1.69,0
2015-11-21,2015-16,OTT,PHI,4,0,-150.0,130.0,1.667,2.3,1
2015-11-21,2015-16,WSH,COL,7,3,-200.0,170.0,1.5,2.7,1
2015-11-21,2015-16,TBL,ANA,5,0,-145.0,125.0,1.69,2.25,1
2015-11-21,2015-16,BOS,TOR,2,0,-200.0,170.0,1.5,2.7,1
2015-11-22,2015-16,VAN,NJD,2,3,-145.0,125.0,1.69,2.25,0
2015-11-22,2015-16,MTL,NYI,4,2,-150.0,130.0,1.667,2.3,1
2015-11-22,2015-16,CAR,LAK,4,3,130.0,-150.0,2.3,1.667,1
2015-11-22,2015-16,CBJ,SJS,3,5,-120.0,100.0,1.833,2.0,0
2015-11-23,2015-16,PHI,CAR,3,2,-130.0,110.0,1.769,2.1,1
2015-11-23,2015-16,WSH,EDM,1,0,-230.0,190.0,1.435,2.9,1
2015-11-23,2015-16,NYR,NSH,3,0,-135.0,115.0,1.741,2.15,1
2015-11-23,2015-16,BUF,STL,1,2,137.0,-157.0,2.37,1.637,0
2015-11-23,2015-16,TOR,BOS,3,4,117.0,-137.0,2.17,1.73,0
2015-11-23,2015-16,FLA,LAK,1,3,117.0,-137.0,2.17,1.73,0
2015-11-23,2015-16,WPG,COL,1,4,-160.0,140.0,1.625,2.4,0
2015-11-24,2015-16,DAL,OTT,4,7,-175.0,155.0,1.571,2.55,0
2015-11-24,2015-16,ANA,CGY,5,3,-155.0,135.0,1.645,2.35,1
2015-11-25,2015-16,SJS,CHI,2,5,-115.0,-105.0,1.87,1.952,0
2015-11-25,2015-16,COL,OTT,3,5,-125.0,105.0,1.8,2.05,0
2015-11-25,2015-16,ARI,ANA,4,2,-105.0,-115.0,1.952,1.87,1
2015-11-25,2015-16,TBL,LAK,2,1,-125.0,105.0,1.8,2.05,1
2015-11-25,2015-16,NYI,PHI,3,1,-200.0,170.0,1.5,2.7,1
2015-11-25,2015-16,DET,BOS,2,3,-130.0,110.0,1.769,2.1,0
2015-11-25,2015-16,BUF,NSH,2,3,135.0,-155.0,2.35,1.645,0
2015-11-25,2015-16,PIT,STL,4,3,-120.0,100.0,1.833,2.0,1
2015-11-25,2015-16,MIN,VAN,2,3,-140.0,120.0,1.714,2.2,0
2015-11-25,2015-16,NJD,CBJ,1,2,-125.0,105.0,1.8,2.05,0
2015-11-25,2015-16,CAR,EDM,4,1,-130.0,110.0,1.769,2.1,1
2015-11-25,2015-16,WSH,WPG,5,3,-180.0,160.0,1.556,2.6,1
2015-11-25,2015-16,NYR,MTL,1,5,-145.0,125.0,1.69,2.25,0
2015-11-27,2015-16,DET,EDM,4,3,-180.0,160.0,1.556,2.6,1
2015-11-27,2015-16,DAL,VAN,3,2,-160.0,140.0,1.625,2.4,1
2015-11-27,2015-16,PHI,NSH,3,2,135.0,-155.0,2.35,1.645,1
2015-11-27,2015-16,FLA,NYI,3,2,105.0,-125.0,2.05,1.8,1
2015-11-27,2015-16,ARI,CGY,2,1,-115.0,-105.0,1.87,1.952,1
2015-11-27,2015-16,BUF,CAR,4,1,100.0,-120.0,2.0,1.833,1
2015-11-27,2015-16,BOS,NYR,4,3,-115.0,-105.0,1.87,1.952,1
2015-11-27,2015-16,CBJ,PIT,2,1,113.0,-133.0,2.13,1.752,1
2015-11-27,2015-16,ANA,CHI,2,3,100.0,-120.0,2.0,1.833,0
2015-11-27,2015-16,WSH,TBL,4,2,-135.0,115.0,1.741,2.15,1
2015-11-27,2015-16,MIN,WPG,1,3,-180.0,160.0,1.556,2.6,0
2015-11-27,2015-16,NJD,MTL,2,3,100.0,-120.0,2.0,1.833,0
2015-11-28,2015-16,COL,WPG,5,3,-130.0,110.0,1.769,2.1,1
2015-11-28,2015-16,ARI,OTT,4,3,120.0,-140.0,2.2,1.714,1
2015-11-28,2015-16,NSH,BUF,1,4,-205.0,175.0,1.488,2.75,0
2015-11-28,2015-16,MIN,DAL,3,4,100.0,-120.0,2.0,1.833,0
2015-11-28,2015-16,STL,CBJ,3,1,-215.0,185.0,1.465,2.85,1
2015-11-28,2015-16,TOR,WSH,2,4,115.0,-135.0,2.15,1.741,0
2015-11-28,2015-16,TBL,NYI,2,3,-137.0,117.0,1.73,2.17,0
2015-11-28,2015-16,MTL,NJD,2,3,-155.0,135.0,1.645,2.35,0
2015-11-28,2015-16,NYR,PHI,0,3,-185.0,165.0,1.541,2.65,0
2015-11-28,2015-16,SJS,CGY,5,2,-185.0,165.0,1.541,2.65,1
2015-11-28,2015-16,PIT,EDM,2,3,-160.0,140.0,1.625,2.4,0
2015-11-28,2015-16,LAK,CHI,3,2,-150.0,130.0,1.667,2.3,1
2015-11-29,2015-16,DET,FLA,1,2,-153.0,133.0,1.654,2.33,0
2015-11-30,2015-16,TOR,EDM,3,0,-120.0,100.0,1.833,2.0,1
2015-11-30,2015-16,ANA,VAN,4,0,-130.0,110.0,1.769,2.1,1
2015-11-30,2015-16,NYI,COL,5,3,-161.0,141.0,1.621,2.41,1
2015-11-30,2015-16,NYR,CAR,4,3,-185.0,165.0,1.541,2.65,1
2015-12-01,2015-16,LAK,VAN,2,1,-210.0,180.0,1.476,2.8,1
2015-12-01,2015-16,CGY,DAL,4,3,145.0,-165.0,2.45,1.606,1
2015-12-01,2015-16,CHI,MIN,1,2,-150.0,130.0,1.667,2.3,0
2015-12-01,2015-16,SJS,PIT,1,5,-130.0,110.0,1.769,2.1,0
2015-12-01,2015-16,NSH,ARI,5,2,-210.0,180.0,1.476,2.8,1
2015-12-01,2015-16,OTT,PHI,2,4,-155.0,135.0,1.645,2.35,0
2015-12-01,2015-16,DET,BUF,5,4,-180.0,160.0,1.556,2.6,1
2015-12-01,2015-16,STL,FLA,1,3,-166.0,146.0,1.602,2.46,0
2015-12-01,2015-16,MTL,CBJ,2,1,-160.0,140.0,1.625,2.4,1
2015-12-01,2015-16,NJD,COL,1,2,-145.0,125.0,1.69,2.25,0
2015-12-02,2015-16,WPG,TOR,6,1,-170.0,150.0,1.588,2.5,1
2015-12-02,2015-16,NYI,NYR,2,1,-125.0,105.0,1.8,2.05,1
2015-12-02,2015-16,EDM,BOS,3,2,125.0,-145.0,2.25,1.69,1
2015-12-02,2015-16,ANA,TBL,1,2,-120.0,100.0,1.833,2.0,0
2015-12-03,2015-16,VAN,DAL,2,4,105.0,-125.0,2.05,1.8,0
2015-12-03,2015-16,MIN,TOR,1,0,-240.0,200.0,1.417,3.0,1
2015-12-03,2015-16,DET,ARI,5,1,-180.0,160.0,1.556,2.6,1
2015-12-03,2015-16,NSH,FLA,1,2,-170.0,150.0,1.588,2.5,0
2015-12-03,2015-16,OTT,CHI,4,3,115.0,-135.0,2.15,1.741,1
2015-12-03,2015-16,CAR,NJD,1,5,-145.0,125.0,1.69,2.25,0
2015-12-03,2015-16,NYR,COL,1,2,-135.0,115.0,1.741,2.15,0
2015-12-03,2015-16,MTL,WSH,2,3,-105.0,-115.0,1.952,1.87,0
2015-12-04,2015-16,NJD,PHI,3,4,-140.0,120.0,1.714,2.2,0
2015-12-04,2015-16,CBJ,FLA,1,2,-172.0,152.0,1.581,2.52,0
2015-12-04,2015-16,BUF,ARI,5,2,-150.0,130.0,1.667,2.3,1
2015-12-04,2015-16,NYI,STL,2,1,-114.0,-106.0,1.877,1.943,1
2015-12-04,2015-16,CGY,BOS,5,4,106.0,-126.0,2.06,1.794,1
2015-12-04,2015-16,EDM,DAL,2,1,123.0,-143.0,2.23,1.699,1
2015-12-04,2015-16,ANA,SJS,1,0,-116.0,-104.0,1.862,1.962,1
2015-12-05,2015-16,PHI,CBJ,1,4,-120.0,100.0,1.833,2.0,0
2015-12-05,2015-16,SJS,TBL,3,4,100.0,-120.0,2.0,1.833,0
2015-12-05,2015-16,VAN,BOS,0,4,-125.0,105.0,1.8,2.05,0
2015-12-05,2015-16,MIN,COL,3,0,-170.0,150.0,1.588,2.5,1
2015-12-05,2015-16,DET,NSH,5,4,-107.0,-113.0,1.935,1.885,1
2015-12-05,2015-16,OTT,NYI,3,2,-125.0,105.0,1.8,2.05,1
2015-12-05,2015-16,STL,TOR,1,4,-205.0,175.0,1.488,2.75,0
2015-12-05,2015-16,LAK,PIT,5,3,-170.0,150.0,1.588,2.5,1
2015-12-05,2015-16,WPG,WSH,2,1,125.0,-145.0,2.25,1.69,1
2015-12-05,2015-16,CAR,MTL,3,2,115.0,-135.0,2.15,1.741,1
2015-12-06,2015-16,CHI,WPG,3,1,-230.0,190.0,1.435,2.9,1
2015-12-06,2015-16,CAR,ARI,5,4,-135.0,115.0,1.741,2.15,1
2015-12-06,2015-16,NJD,FLA,4,2,-130.0,110.0,1.769,2.1,1
2015-12-06,2015-16,NYR,OTT,4,1,-200.0,170.0,1.5,2.7,1
2015-12-06,2015-16,EDM,BUF,4,2,-115.0,-105.0,1.87,1.952,1
2015-12-06,2015-16,ANA,PIT,2,1,-150.0,130.0,1.667,2.3,1
2015-12-06,2015-16,LAK,TBL,3,1,-170.0,150.0,1.588,2.5,1
2015-12-07,2015-16,COL,MIN,2,1,-105.0,-115.0,1.952,1.87,1
2015-12-07,2015-16,VAN,BUF,5,2,-185.0,165.0,1.541,2.65,1
2015-12-07,2015-16,BOS,NSH,2,3,-104.0,-116.0,1.962,1.862,0
2015-12-08,2015-16,CBJ,LAK,2,3,125.0,-145.0,2.25,1.69,0
2015-12-08,2015-16,PHI,NYI,3,4,120.0,-140.0,2.2,1.714,0
2015-12-08,2015-16,FLA,OTT,2,4,-130.0,110.0,1.769,2.1,0
2015-12-08,2015-16,TOR,NJD,3,2,-115.0,-105.0,1.87,1.952,1
2015-12-08,2015-16,WSH,DET,3,2,-185.0,165.0,1.541,2.65,1
2015-12-08,2015-16,STL,ARI,4,1,-220.0,190.0,1.455,2.9,1
2015-12-08,2015-16,CHI,NSH,4,1,-150.0,130.0,1.667,2.3,1
2015-12-08,2015-16,DAL,CAR,6,5,-210.0,180.0,1.476,2.8,1
2015-12-08,2015-16,CGY,SJS,4,2,-105.0,-115.0,1.952,1.87,1
2015-12-09,2015-16,VAN,NYR,2,1,100.0,-120.0,2.0,1.833,1
2015-12-09,2015-16,COL,PIT,2,4,100.0,-120.0,2.0,1.833,0
2015-12-09,2015-16,MTL,BOS,1,3,-125.0,105.0,1.8,2.05,0
2015-12-09,2015-16,EDM,SJS,4,3,105.0,-125.0,2.05,1.8,1
2015-12-10,2015-16,TBL,OTT,4,1,-155.0,135.0,1.645,2.35,1
2015-12-10,2015-16,DET,MTL,3,2,-129.0,109.0,1.775,2.09,1
2015-12-10,2015-16,FLA,WSH,4,1,126.0,-146.0,2.26,1.685,1
2015-12-10,2015-16,NSH,CHI,5,1,-132.0,112.0,1.758,2.12,1
2015-12-10,2015-16,STL,PHI,2,4,-175.0,155.0,1.571,2.55,0
2015-12-10,2015-16,WPG,CBJ,6,4,-165.0,145.0,1.606,2.45,1
2015-12-10,2015-16,CGY,BUF,4,3,-150.0,130.0,1.667,2.3,1
2015-12-11,2015-16,ANA,CAR,1,5,-180.0,160.0,1.556,2.6,0
2015-12-11,2015-16,ARI,MIN,2,1,130.0,-150.0,2.3,1.667,1
2015-12-11,2015-16,DAL,PHI,3,1,-230.0,190.0,1.435,2.9,1
2015-12-11,2015-16,EDM,NYR,7,5,130.0,-150.0,2.3,1.667,1
2015-12-11,2015-16,NJD,DET,3,2,-105.0,-115.0,1.952,1.87,1
2015-12-11,2015-16,PIT,LAK,2,3,-108.0,-112.0,1.926,1.893,0
2015-12-11,2015-16,CHI,WPG,2,0,-185.0,165.0,1.541,2.65,1
2015-12-12,2015-16,SJS,MIN,0,2,-151.0,131.0,1.662,2.31,0
2015-12-12,2015-16,BOS,FLA,3,1,-150.0,130.0,1.667,2.3,1
2015-12-12,2015-16,TBL,WSH,1,2,105.0,-125.0,2.05,1.8,0
2015-12-12,2015-16,MTL,OTT,3,1,-145.0,125.0,1.69,2.25,1
2015-12-12,2015-16,CBJ,NYI,2,3,115.0,-135.0,2.15,1.741,0
2015-12-12,2015-16,BUF,LAK,2,1,125.0,-145.0,2.25,1.69,1
2015-12-12,2015-16,STL,DAL,3,0,-125.0,105.0,1.8,2.05,1
2015-12-12,2015-16,NSH,COL,2,3,-200.0,170.0,1.5,2.7,0
2015-12-12,2015-16,ARI,CAR,4,5,100.0,-120.0,2.0,1.833,0
2015-12-12,2015-16,CGY,NYR,5,4,-115.0,-105.0,1.87,1.952,1
2015-12-13,2015-16,CHI,VAN,4,0,-170.0,150.0,1.588,2.5,1
2015-12-13,2015-16,NYI,NJD,4,0,-140.0,120.0,1.714,2.2,1
2015-12-13,2015-16,STL,COL,1,3,-175.0,155.0,1.571,2.55,0
2015-12-14,2015-16,BOS,EDM,2,3,-174.0,154.0,1.575,2.54,0
2015-12-14,2015-16,CBJ,TBL,1,2,106.0,-126.0,2.06,1.794,0
2015-12-14,2015-16,PIT,WSH,1,4,-115.0,-105.0,1.87,1.952,0
2015-12-14,2015-16,DET,BUF,1,2,-181.0,161.0,1.552,2.61,0
2015-12-14,2015-16,OTT,LAK,5,3,125.0,-145.0,2.25,1.69,1
2015-12-15,2015-16,NYR,EDM,4,2,-240.0,200.0,1.417,3.0,1
2015-12-15,2015-16,WPG,STL,3,4,-111.0,-109.0,1.901,1.917,0
2015-12-15,2015-16,NSH,CGY,1,2,-180.0,160.0,1.556,2.6,0
2015-12-15,2015-16,MIN,VAN,6,2,-150.0,130.0,1.667,2.3,1
2015-12-15,2015-16,TOR,TBL,4,5,105.0,-125.0,2.05,1.8,0
2015-12-15,2015-16,NYI,FLA,1,5,-165.0,145.0,1.606,2.45,0
2015-12-15,2015-16,DAL,CBJ,5,1,-260.0,210.0,1.385,3.1,1
2015-12-15,2015-16,PHI,CAR,4,3,-130.0,110.0,1.769,2.1,1
2015-12-15,2015-16,BUF,NJD,0,2,-114.0,-106.0,1.877,1.943,0
2015-12-15,2015-16,MTL,SJS,1,3,-140.0,120.0,1.714,2.2,0
2015-12-15,2015-16,CHI,COL,0,3,-200.0,170.0,1.5,2.7,0
2015-12-16,2015-16,BOS,PIT,3,0,-150.0,130.0,1.667,2.3,1
2015-12-16,2015-16,WSH,OTT,2,1,-215.0,185.0,1.465,2.85,1
2015-12-17,2015-16,DAL,CGY,1,3,-200.0,170.0,1.5,2.7,0
2015-12-17,2015-16,CHI,EDM,4,0,-235.0,195.0,1.426,2.95,1
2015-12-17,2015-16,COL,NYI,2,1,-105.0,-115.0,1.952,1.87,1
2015-12-17,2015-16,ARI,CBJ,5,7,-120.0,100.0,1.833,2.0,0
2015-12-17,2015-16,STL,NSH,2,1,-125.0,105.0,1.8,2.05,1
2015-12-17,2015-16,MIN,NYR,5,2,-150.0,130.0,1.667,2.3,1
2015-12-17,2015-16,TOR,SJS,4,5,100.0,-120.0,2.0,1.833,0
2015-12-17,2015-16,BUF,ANA,3,0,140.0,-160.0,2.4,1.625,1
2015-12-17,2015-16,PHI,VAN,2,0,-130.0,110.0,1.769,2.1,1
2015-12-17,2015-16,NJD,FLA,1,5,-130.0,110.0,1.769,2.1,0
2015-12-17,2015-16,MTL,LAK,0,3,-120.0,100.0,1.833,2.0,0
2015-12-18,2015-16,PIT,BOS,2,6,-115.0,-105.0,1.87,1.952,0
2015-12-18,2015-16,CAR,FLA,0,2,-125.0,105.0,1.8,2.05,0
2015-12-18,2015-16,WSH,TBL,5,3,-160.0,140.0,1.625,2.4,1
2015-12-18,2015-16,DET,VAN,3,4,-180.0,160.0,1.556,2.6,0
2015-12-18,2015-16,OTT,SJS,4,2,-135.0,115.0,1.741,2.15,1
2015-12-18,2015-16,WPG,NYR,5,2,-128.0,108.0,1.781,2.08,1
2015-12-19,2015-16,CBJ,PHI,3,2,-107.0,-113.0,1.935,1.885,1
2015-12-19,2015-16,COL,EDM,5,1,-180.0,160.0,1.556,2.6,1
2015-12-19,2015-16,ARI,NYI,1,0,145.0,-165.0,2.45,1.606,1
2015-12-19,2015-16,NSH,MIN,3,2,-130.0,110.0,1.769,2.1,1
2015-12-19,2015-16,DAL,MTL,6,2,-155.0,135.0,1.645,2.35,1
2015-12-19,2015-16,BUF,CHI,2,3,140.0,-160.0,2.4,1.625,0
2015-12-19,2015-16,NJD,ANA,1,2,110.0,-130.0,2.1,1.769,0
2015-12-19,2015-16,TOR,LAK,5,0,120.0,-140.0,2.2,1.714,1
2015-12-19,2015-16,STL,CGY,3,2,-165.0,145.0,1.606,2.45,1
2015-12-19,2015-16,PIT,CAR,1,2,-145.0,125.0,1.69,2.25,0
2015-12-20,2015-16,CHI,SJS,4,3,-140.0,120.0,1.714,2.2,1
2015-12-20,2015-16,DET,CGY,4,2,-180.0,160.0,1.556,2.6,1
2015-12-20,2015-16,NYR,WSH,3,7,-105.0,-115.0,1.952,1.87,0
2015-12-20,2015-16,BOS,NJD,2,1,-196.0,176.0,1.51,2.76,1
2015-12-20,2015-16,FLA,VAN,5,4,-155.0,135.0,1.645,2.35,1
2015-12-20,2015-16,TBL,OTT,5,2,-170.0,150.0,1.588,2.5,1
2015-12-21,2015-16,COL,TOR,4,7,-155.0,135.0,1.645,2.35,0
2015-12-21,2015-16,EDM,WPG,3,1,110.0,-130.0,2.1,1.769,1
2015-12-21,2015-16,MIN,DAL,3,6,-123.0,103.0,1.813,2.03,0
2015-12-21,2015-16,NSH,MTL,5,1,-160.0,140.0,1.625,2.4,1
2015-12-21,2015-16,PIT,CBJ,5,2,-140.0,120.0,1.714,2.2,1
2015-12-21,2015-16,PHI,STL,4,3,114.0,-134.0,2.14,1.746,1
2015-12-21,2015-16,NYI,ANA,5,2,-130.0,110.0,1.769,2.1,1
2015-12-21,2015-16,CAR,WSH,1,2,100.0,-120.0,2.0,1.833,0
2015-12-22,2015-16,LAK,SJS,3,5,-180.0,160.0,1.556,2.6,0
2015-12-22,2015-16,ARI,TOR,3,2,-120.0,100.0,1.833,2.0,1
2015-12-22,2015-16,CGY,WPG,4,1,-135.0,115.0,1.741,2.15,1
2015-12-22,2015-16,DAL,CHI,4,0,-125.0,105.0,1.8,2.05,1
2015-12-22,2015-16,MIN,MTL,2,1,-150.0,130.0,1.667,2.3,1
2015-12-22,2015-16,FLA,OTT,2,1,-140.0,120.0,1.714,2.2,1
2015-12-22,2015-16,TBL,VAN,1,2,-185.0,165.0,1.541,2.65,0
2015-12-22,2015-16,NYR,ANA,3,2,-155.0,135.0,1.645,2.35,1
2015-12-22,2015-16,BOS,STL,0,2,-150.0,130.0,1.667,2.3,0
2015-12-22,2015-16,DET,NJD,3,4,-160.0,140.0,1.625,2.4,0
2015-12-26,2015-16,NSH,DET,2,3,-149.0,129.0,1.671,2.29,0
2015-12-26,2015-16,ARI,LAK,3,4,154.0,-174.0,2.54,1.575,0
2015-12-26,2015-16,STL,DAL,3,2,-115.0,-105.0,1.87,1.952,1
2015-12-26,2015-16,MIN,PIT,1,3,-153.0,133.0,1.654,2.33,0
2015-12-26,2015-16,VAN,EDM,2,1,-135.0,115.0,1.741,2.15,1
2015-12-26,2015-16,WSH,MTL,3,1,-171.0,151.0,1.585,2.51,1
2015-12-26,2015-16,CAR,NJD,3,1,-124.0,104.0,1.806,2.04,1
2015-12-26,2015-16,TBL,CBJ,5,2,-183.0,163.0,1.546,2.63,1
2015-12-26,2015-16,BOS,BUF,3,6,-205.0,175.0,1.488,2.75,0
2015-12-27,2015-16,CGY,EDM,5,3,-160.0,140.0,1.625,2.4,1
2015-12-27,2015-16,ANA,PHI,4,2,-145.0,125.0,1.69,2.25,1
2015-12-27,2015-16,COL,ARI,1,2,-210.0,180.0,1.476,2.8,0
2015-12-27,2015-16,WPG,PIT,1,0,-125.0,105.0,1.8,2.05,1
2015-12-27,2015-16,OTT,BOS,3,1,-105.0,-115.0,1.952,1.87,1
2015-12-27,2015-16,FLA,CBJ,3,2,-210.0,180.0,1.476,2.8,1
2015-12-27,2015-16,DAL,STL,3,0,-145.0,125.0,1.69,2.25,1
2015-12-27,2015-16,NYI,TOR,1,3,-182.0,162.0,1.549,2.62,0
2015-12-27,2015-16,CHI,CAR,1,2,-208.0,178.0,1.481,2.78,0
2015-12-28,2015-16,BUF,WSH,0,2,135.0,-155.0,2.35,1.645,0
2015-12-28,2015-16,TBL,MTL,3,4,-154.0,134.0,1.649,2.34,0
2015-12-28,2015-16,NSH,NYR,5,3,-130.0,110.0,1.769,2.1,1
2015-12-28,2015-16,MIN,DET,3,1,-140.0,120.0,1.714,2.2,1
2015-12-28,2015-16,VAN,LAK,0,5,120.0,-140.0,2.2,1.714,0
2015-12-28,2015-16,SJS,COL,3,6,-172.0,152.0,1.581,2.52,0
2015-12-29,2015-16,EDM,LAK,2,5,115.0,-135.0,2.15,1.741,0
2015-12-29,2015-16,CGY,ANA,0,1,-115.0,-105.0,1.87,1.952,0
2015-12-29,2015-16,ARI,CHI,5,7,154.0,-174.0,2.54,1.575,0
2015-12-29,2015-16,STL,NSH,4,3,-140.0,120.0,1.714,2.2,1
2015-12-29,2015-16,WPG,DET,4,1,-135.0,115.0,1.741,2.15,1
2015-12-29,2015-16,CBJ,DAL,6,3,150.0,-170.0,2.5,1.588,1
2015-12-29,2015-16,BOS,OTT,7,3,-150.0,130.0,1.667,2.3,1
2015-12-29,2015-16,NJD,CAR,3,2,-118.0,-102.0,1.847,1.98,1
2015-12-29,2015-16,TOR,NYI,3,6,100.0,-120.0,2.0,1.833,0
2015-12-29,2015-16,FLA,MTL,3,1,-150.0,130.0,1.667,2.3,1
2015-12-30,2015-16,SJS,PHI,4,2,-155.0,135.0,1.645,2.35,1
2015-12-30,2015-16,OTT,NJD,0,3,-130.0,110.0,1.769,2.1,0
2015-12-30,2015-16,TBL,NYR,2,5,-140.0,120.0,1.714,2.2,0
2015-12-30,2015-16,WSH,BUF,5,2,-235.0,195.0,1.426,2.95,1
2015-12-30,2015-16,PIT,TOR,2,3,-179.0,159.0,1.559,2.59,0
2015-12-31,2015-16,BUF,NYI,1,2,132.0,-152.0,2.32,1.658,0
2015-12-31,2015-16,DET,PIT,2,5,-140.0,120.0,1.714,2.2,0
2015-12-31,2015-16,CAR,WSH,4,2,100.0,-120.0,2.0,1.833,1
2015-12-31,2015-16,STL,MIN,1,3,-125.0,105.0,1.8,2.05,0
2015-12-31,2015-16,COL,CHI,3,4,-101.0,-119.0,1.99,1.84,0
2015-12-31,2015-16,DAL,NSH,5,1,-140.0,120.0,1.714,2.2,1
2015-12-31,2015-16,ARI,WPG,4,2,100.0,-120.0,2.0,1.833,1
2015-12-31,2015-16,CGY,LAK,1,4,110.0,-130.0,2.1,1.769,0
2015-12-31,2015-16,EDM,ANA,0,1,115.0,-135.0,2.15,1.741,0
2016-01-01,2015-16,VAN,ANA,2,1,100.0,-120.0,2.0,1.833,1
2016-01-01,2015-16,BOS,MTL,1,5,-130.0,110.0,1.769,2.1,0
2016-01-02,2015-16,COL,CGY,0,4,-135.0,115.0,1.741,2.15,0
2016-01-02,2015-16,BUF,DET,3,4,105.0,-125.0,2.05,1.8,0
2016-01-02,2015-16,LAK,PHI,2,1,-185.0,165.0,1.541,2.65,1
2016-01-02,2015-16,EDM,ARI,4,3,-130.0,110.0,1.769,2.1,1
2016-01-02,2015-16,PIT,NYI,5,2,-130.0,110.0,1.769,2.1,1
2016-01-02,2015-16,FLA,NYR,3,0,-115.0,-105.0,1.87,1.952,1
2016-01-02,2015-16,CBJ,WSH,5,4,130.0,-150.0,2.3,1.667,1
2016-01-02,2015-16,TOR,STL,4,1,100.0,-120.0,2.0,1.833,1
2016-01-02,2015-16,CAR,NSH,1,2,105.0,-125.0,2.05,1.8,0
2016-01-02,2015-16,NJD,DAL,3,2,125.0,-145.0,2.25,1.69,1
2016-01-02,2015-16,TBL,MIN,3,2,-120.0,100.0,1.833,2.0,1
2016-01-02,2015-16,SJS,WPG,1,4,-160.0,140.0,1.625,2.4,0
2016-01-03,2015-16,ANA,WPG,4,1,-165.0,145.0,1.606,2.45,1
2016-01-03,2015-16,CHI,OTT,3,0,-200.0,170.0,1.5,2.7,1
2016-01-03,2015-16,FLA,MIN,2,1,-111.0,-109.0,1.901,1.917,1
2016-01-03,2015-16,NYI,DAL,6,5,-111.0,-109.0,1.901,1.917,1
2016-01-04,2015-16,NJD,DET,0,1,-115.0,-105.0,1.87,1.952,0
2016-01-04,2015-16,STL,OTT,2,3,-185.0,165.0,1.541,2.65,0
2016-01-04,2015-16,EDM,CAR,1,0,-116.0,-104.0,1.862,1.962,1
2016-01-04,2015-16,COL,LAK,4,1,101.0,-121.0,2.01,1.826,1
2016-01-04,2015-16,VAN,ARI,2,3,-146.0,126.0,1.685,2.26,0
2016-01-05,2015-16,CGY,TBL,3,1,112.0,-132.0,2.12,1.758,1
2016-01-05,2015-16,NSH,WPG,1,4,-175.0,155.0,1.571,2.55,0
2016-01-05,2015-16,PHI,MTL,4,3,-109.0,-111.0,1.917,1.901,1
2016-01-05,2015-16,BUF,FLA,1,5,121.0,-141.0,2.21,1.709,0
2016-01-05,2015-16,PIT,CHI,2,3,-130.0,110.0,1.769,2.1,0
2016-01-05,2015-16,CBJ,MIN,2,4,106.0,-126.0,2.06,1.794,0
2016-01-05,2015-16,NYR,DAL,6,2,-114.0,-106.0,1.877,1.943,1
2016-01-05,2015-16,BOS,WSH,2,3,100.0,-120.0,2.0,1.833,0
2016-01-06,2015-16,MTL,NJD,2,1,-147.0,127.0,1.68,2.27,1
2016-01-06,2015-16,CHI,PIT,3,1,-125.0,105.0,1.8,2.05,1
2016-01-06,2015-16,ANA,TOR,0,4,-165.0,145.0,1.606,2.45,0
2016-01-06,2015-16,VAN,CAR,3,2,-114.0,-106.0,1.877,1.943,1
2016-01-06,2015-16,COL,STL,4,3,101.0,-121.0,2.01,1.826,1
2016-01-07,2015-16,CGY,ARI,1,2,-135.0,115.0,1.741,2.15,0
2016-01-07,2015-16,LAK,TOR,2,1,-204.0,174.0,1.49,2.74,1
2016-01-07,2015-16,DAL,WPG,2,1,-171.0,151.0,1.585,2.51,1
2016-01-07,2015-16,SJS,DET,1,2,-130.0,110.0,1.769,2.1,0
2016-01-07,2015-16,OTT,FLA,2,3,-110.0,-110.0,1.909,1.909,0
2016-01-07,2015-16,NYI,WSH,1,4,-105.0,-115.0,1.952,1.87,0
2016-01-07,2015-16,MIN,PHI,3,4,-161.0,141.0,1.621,2.41,0
2016-01-08,2015-16,NJD,BOS,1,4,-102.0,-118.0,1.98,1.847,0
2016-01-08,2015-16,CAR,CBJ,4,1,-125.0,105.0,1.8,2.05,1
2016-01-08,2015-16,CHI,BUF,3,1,-230.0,190.0,1.435,2.9,1
2016-01-08,2015-16,EDM,TBL,2,3,125.0,-145.0,2.25,1.69,0
2016-01-08,2015-16,COL,NSH,5,3,107.0,-127.0,2.07,1.787,1
2016-01-08,2015-16,ANA,STL,4,3,-125.0,105.0,1.8,2.05,1
2016-01-09,2015-16,LAK,STL,1,2,-181.0,161.0,1.552,2.61,0
2016-01-09,2015-16,VAN,TBL,2,3,100.0,-120.0,2.0,1.833,0
2016-01-09,2015-16,ARI,NSH,4,0,104.0,-124.0,2.04,1.806,1
2016-01-09,2015-16,DAL,MIN,1,2,-130.0,110.0,1.769,2.1,0
2016-01-09,2015-16,CBJ,CAR,3,4,-116.0,-104.0,1.862,1.962,0
2016-01-09,2015-16,MTL,PIT,1,3,-111.0,-109.0,1.901,1.917,0
2016-01-09,2015-16,OTT,BOS,2,1,-105.0,-115.0,1.952,1.87,1
2016-01-09,2015-16,PHI,NYI,4,0,100.0,-120.0,2.0,1.833,1
2016-01-09,2015-16,NYR,WSH,3,4,-119.0,-101.0,1.84,1.99,0
2016-01-09,2015-16,SJS,TOR,7,0,-140.0,120.0,1.714,2.2,1
2016-01-10,2015-16,EDM,FLA,1,2,105.0,-125.0,2.05,1.8,0
2016-01-10,2015-16,WPG,BUF,2,4,-170.0,150.0,1.588,2.5,0
2016-01-10,2015-16,WSH,OTT,7,1,-200.0,170.0,1.5,2.7,1
2016-01-10,2015-16,CHI,COL,6,3,-175.0,155.0,1.571,2.55,1
2016-01-10,2015-16,MIN,NJD,1,2,-165.0,145.0,1.606,2.45,0
2016-01-10,2015-16,ANA,DET,1,2,-139.0,119.0,1.719,2.19,0
2016-01-11,2015-16,VAN,FLA,3,2,-104.0,-116.0,1.962,1.862,1
2016-01-11,2015-16,LAK,DET,4,2,-215.0,185.0,1.465,2.85,1
2016-01-11,2015-16,NYR,BOS,2,1,-135.0,115.0,1.741,2.15,1
2016-01-11,2015-16,CGY,SJS,4,5,111.0,-131.0,2.11,1.763,0
2016-01-12,2015-16,CAR,PIT,3,2,106.0,-126.0,2.06,1.794,1
2016-01-12,2015-16,NYI,CBJ,5,2,-175.0,155.0,1.571,2.55,1
2016-01-12,2015-16,WPG,SJS,1,4,-136.0,116.0,1.735,2.16,0
2016-01-12,2015-16,STL,NJD,5,2,-185.0,165.0,1.541,2.65,1
2016-01-12,2015-16,MIN,BUF,2,3,-215.0,185.0,1.465,2.85,0
2016-01-12,2015-16,CHI,NSH,3,2,-165.0,145.0,1.606,2.45,1
2016-01-12,2015-16,ARI,EDM,4,3,-148.0,128.0,1.676,2.28,1
2016-01-12,2015-16,COL,TBL,0,4,110.0,-130.0,2.1,1.769,0
2016-01-13,2015-16,ANA,OTT,4,1,-160.0,140.0,1.625,2.4,1
2016-01-13,2015-16,CGY,FLA,6,0,-109.0,-111.0,1.917,1.901,1
2016-01-13,2015-16,PHI,BOS,3,2,-105.0,-115.0,1.952,1.87,1
2016-01-13,2015-16,TOR,CBJ,1,3,-156.0,136.0,1.641,2.36,0
2016-01-14,2015-16,NYI,NYR,3,1,-105.0,-115.0,1.952,1.87,1
2016-01-14,2015-16,WSH,VAN,4,1,-230.0,190.0,1.435,2.9,1
2016-01-14,2015-16,MTL,CHI,1,2,105.0,-125.0,2.05,1.8,0
2016-01-14,2015-16,STL,CAR,1,4,-155.0,135.0,1.645,2.35,0
2016-01-14,2015-16,WPG,NSH,5,4,-101.0,-119.0,1.99,1.84,1
2016-01-14,2015-16,ARI,DET,2,3,-102.0,-118.0,1.98,1.847,0
2016-01-14,2015-16,COL,NJD,3,0,-127.0,107.0,1.787,2.07,1
2016-01-14,2015-16,SJS,EDM,2,1,-185.0,165.0,1.541,2.65,1
2016-01-15,2015-16,ANA,DAL,4,2,-115.0,-105.0,1.87,1.952,1
2016-01-15,2015-16,TBL,PIT,5,4,-127.0,107.0,1.787,2.07,1
2016-01-15,2015-16,MIN,WPG,0,1,-205.0,175.0,1.488,2.75,0
2016-01-15,2015-16,BUF,BOS,1,4,104.0,-124.0,2.04,1.806,0
2016-01-15,2015-16,CAR,VAN,2,3,-151.0,131.0,1.662,2.31,0
2016-01-15,2015-16,TOR,CHI,1,4,112.0,-132.0,2.12,1.758,0
2016-01-16,2015-16,PHI,NYR,2,3,100.0,-120.0,2.0,1.833,0
2016-01-16,2015-16,LAK,OTT,3,5,-185.0,165.0,1.541,2.65,0
2016-01-16,2015-16,STL,MTL,4,3,-125.0,105.0,1.8,2.05,1
2016-01-16,2015-16,BOS,TOR,3,2,-177.0,157.0,1.565,2.57,1
2016-01-16,2015-16,BUF,WSH,4,1,180.0,-210.0,2.8,1.476,1
2016-01-16,2015-16,CBJ,COL,2,1,-115.0,-105.0,1.87,1.952,1
2016-01-16,2015-16,NSH,MIN,3,0,-130.0,110.0,1.769,2.1,1
2016-01-16,2015-16,ARI,NJD,0,2,-135.0,115.0,1.741,2.15,0
2016-01-16,2015-16,EDM,CGY,2,1,-122.0,102.0,1.82,2.02,1
2016-01-16,2015-16,SJS,DAL,4,3,-130.0,110.0,1.769,2.1,1
2016-01-17,2015-16,ANA,LAK,2,3,-115.0,-105.0,1.87,1.952,0
2016-01-17,2015-16,DET,PHI,1,2,-154.0,134.0,1.649,2.34,0
2016-01-17,2015-16,CHI,MTL,5,2,-210.0,180.0,1.476,2.8,1
2016-01-17,2015-16,PIT,CAR,5,0,-150.0,130.0,1.667,2.3,1
2016-01-17,2015-16,TBL,FLA,3,1,-150.0,130.0,1.667,2.3,1
2016-01-17,2015-16,NYI,VAN,1,2,-175.0,155.0,1.571,2.55,0
2016-01-17,2015-16,WSH,NYR,5,2,-165.0,145.0,1.606,2.45,1
2016-01-18,2015-16,FLA,EDM,2,4,-129.0,109.0,1.775,2.09,0
2016-01-18,2015-16,WPG,COL,1,2,-131.0,111.0,1.763,2.11,0
2016-01-18,2015-16,STL,PIT,5,2,-150.0,130.0,1.667,2.3,1
2016-01-18,2015-16,ARI,BUF,1,2,-149.0,129.0,1.671,2.29,0
2016-01-18,2015-16,SJS,OTT,3,4,-155.0,135.0,1.645,2.35,0
2016-01-19,2015-16,MTL,BOS,1,4,-115.0,-105.0,1.87,1.952,0
2016-01-19,2015-16,NSH,CHI,1,4,-105.0,-115.0,1.952,1.87,0
2016-01-19,2015-16,TBL,EDM,6,4,-231.0,191.0,1.433,2.91,1
2016-01-19,2015-16,LAK,DAL,3,2,-150.0,130.0,1.667,2.3,1
2016-01-19,2015-16,NYR,VAN,3,2,-210.0,180.0,1.476,2.8,1
2016-01-19,2015-16,CBJ,WSH,3,6,142.0,-162.0,2.42,1.617,0
2016-01-19,2015-16,PHI,TOR,2,3,-145.0,125.0,1.69,2.25,0
2016-01-19,2015-16,NJD,CGY,4,2,-120.0,100.0,1.833,2.0,1
2016-01-20,2015-16,DET,STL,1,2,-119.0,-101.0,1.84,1.99,0
2016-01-20,2015-16,COL,BUF,2,1,-145.0,125.0,1.69,2.25,1
2016-01-20,2015-16,ANA,MIN,3,1,-130.0,110.0,1.769,2.1,1
2016-01-21,2015-16,LAK,MIN,0,3,-200.0,170.0,1.5,2.7,0
2016-01-21,2015-16,ARI,SJS,1,3,121.0,-141.0,2.21,1.709,0
2016-01-21,2015-16,DAL,EDM,3,2,-245.0,205.0,1.408,3.05,1
2016-01-21,2015-16,WPG,NSH,1,4,110.0,-130.0,2.1,1.769,0
2016-01-21,2015-16,TBL,CHI,2,1,-116.0,-104.0,1.862,1.962,1
2016-01-21,2015-16,PIT,PHI,4,3,-175.0,155.0,1.571,2.55,1
2016-01-21,2015-16,NJD,OTT,6,3,-132.0,112.0,1.758,2.12,1
2016-01-21,2015-16,BOS,VAN,2,4,-215.0,185.0,1.465,2.85,0
2016-01-21,2015-16,CBJ,CGY,2,4,-118.0,-102.0,1.847,1.98,0
2016-01-21,2015-16,TOR,CAR,0,1,-119.0,-101.0,1.84,1.99,0
2016-01-22,2015-16,BUF,DET,0,3,118.0,-138.0,2.18,1.725,0
2016-01-22,2015-16,CAR,NYR,1,4,125.0,-145.0,2.25,1.69,0
2016-01-22,2015-16,FLA,CHI,4,0,-120.0,100.0,1.833,2.0,1
2016-01-22,2015-16,OTT,NYI,2,5,128.0,-148.0,2.28,1.676,0
2016-01-22,2015-16,COL,STL,2,1,105.0,-125.0,2.05,1.8,1
2016-01-23,2015-16,TOR,MTL,2,3,-115.0,-105.0,1.87,1.952,0
2016-01-23,2015-16,EDM,NSH,1,4,120.0,-140.0,2.2,1.714,0
2016-01-23,2015-16,DAL,COL,1,3,-200.0,170.0,1.5,2.7,0
2016-01-23,2015-16,WPG,NJD,1,3,-140.0,120.0,1.714,2.2,0
2016-01-23,2015-16,ARI,LAK,3,2,135.0,-155.0,2.35,1.645,1
2016-01-23,2015-16,BOS,CBJ,3,2,-185.0,165.0,1.541,2.65,1
2016-01-23,2015-16,DET,ANA,3,4,-105.0,-115.0,1.952,1.87,0
2016-01-23,2015-16,SJS,MIN,4,3,-132.0,112.0,1.758,2.12,1
2016-01-23,2015-16,FLA,TBL,5,2,110.0,-130.0,2.1,1.769,1
2016-01-23,2015-16,PIT,VAN,5,4,-200.0,170.0,1.5,2.7,1
2016-01-24,2015-16,OTT,NYR,3,0,121.0,-141.0,2.21,1.709,1
2016-01-24,2015-16,CAR,CGY,5,2,-115.0,-105.0,1.87,1.952,1
2016-01-24,2015-16,CHI,STL,2,0,-146.0,126.0,1.685,2.26,1
2016-01-24,2015-16,SJS,LAK,2,3,-130.0,110.0,1.769,2.1,0
2016-01-25,2015-16,DAL,CGY,2,1,-200.0,170.0,1.5,2.7,1
2016-01-25,2015-16,MIN,ARI,1,2,-170.0,150.0,1.588,2.5,0
2016-01-25,2015-16,NYR,BUF,6,3,-180.0,160.0,1.556,2.6,1
2016-01-25,2015-16,CBJ,MTL,5,2,110.0,-130.0,2.1,1.769,1
2016-01-25,2015-16,PHI,BOS,2,3,110.0,-130.0,2.1,1.769,0
2016-01-25,2015-16,NYI,DET,2,4,-140.0,120.0,1.714,2.2,0
2016-01-26,2015-16,WPG,ARI,5,2,-155.0,135.0,1.645,2.35,1
2016-01-26,2015-16,SJS,COL,6,1,-171.0,151.0,1.585,2.51,1
2016-01-26,2015-16,VAN,NSH,1,2,135.0,-155.0,2.35,1.645,0
2016-01-26,2015-16,MTL,CBJ,2,5,-150.0,130.0,1.667,2.3,0
2016-01-26,2015-16,PIT,NJD,2,0,-170.0,150.0,1.588,2.5,1
2016-01-26,2015-16,OTT,BUF,2,3,-150.0,130.0,1.667,2.3,0
2016-01-26,2015-16,FLA,TOR,5,1,-165.0,145.0,1.606,2.45,1
2016-01-26,2015-16,BOS,ANA,2,6,-115.0,-105.0,1.87,1.952,0
2016-01-26,2015-16,CAR,CHI,5,0,130.0,-150.0,2.3,1.667,1
2016-01-27,2015-16,TBL,TOR,1,0,-230.0,190.0,1.435,2.9,1
2016-01-27,2015-16,WSH,PHI,3,4,-235.0,195.0,1.426,2.95,0
2016-01-27,2015-16,CGY,NSH,1,2,-105.0,-115.0,1.952,1.87,0
2016-01-27,2015-16,LAK,COL,3,4,-245.0,205.0,1.408,3.05,0
2016-02-02,2015-16,NSH,STL,0,1,-130.0,110.0,1.769,2.1,0
2016-02-02,2015-16,ANA,SJS,3,2,-125.0,105.0,1.8,2.05,1
2016-02-02,2015-16,COL,CHI,1,2,110.0,-130.0,2.1,1.769,0
2016-02-02,2015-16,ARI,LAK,2,6,137.0,-157.0,2.37,1.637,0
2016-02-02,2015-16,EDM,CBJ,5,1,-135.0,115.0,1.741,2.15,1
2016-02-02,2015-16,WPG,DAL,3,5,101.0,-121.0,2.01,1.826,0
2016-02-02,2015-16,NYI,MIN,5,3,-115.0,-105.0,1.87,1.952,1
2016-02-02,2015-16,PIT,OTT,6,5,-200.0,170.0,1.5,2.7,1
2016-02-02,2015-16,PHI,MTL,4,2,-125.0,105.0,1.8,2.05,1
2016-02-02,2015-16,BOS,TOR,3,4,-175.0,155.0,1.571,2.55,0
2016-02-02,2015-16,NJD,NYR,3,2,121.0,-141.0,2.21,1.709,1
2016-02-02,2015-16,WSH,FLA,2,5,-145.0,125.0,1.69,2.25,0
2016-02-03,2015-16,MTL,BUF,2,4,-150.0,130.0,1.667,2.3,0
2016-02-03,2015-16,TBL,DET,3,1,-160.0,140.0,1.625,2.4,1
2016-02-03,2015-16,CGY,CAR,4,1,-115.0,-105.0,1.87,1.952,1
2016-02-04,2015-16,VAN,CBJ,1,2,190.0,-230.0,2.9,1.435,0
2016-02-04,2015-16,LAK,ANA,2,4,-136.0,116.0,1.735,2.16,0
2016-02-04,2015-16,ARI,CHI,4,5,140.0,-160.0,2.4,1.625,0
2016-02-04,2015-16,COL,DAL,3,4,245.0,-305.0,3.45,1.328,0
2016-02-04,2015-16,STL,SJS,1,3,-115.0,-105.0,1.87,1.952,0
2016-02-04,2015-16,NSH,PHI,3,6,-155.0,135.0,1.645,2.35,0
2016-02-04,2015-16,WSH,NYI,3,2,200.0,-240.0,3.0,1.417,1
2016-02-04,2015-16,TOR,NJD,3,2,-140.0,120.0,1.714,2.2,1
2016-02-04,2015-16,OTT,EDM,2,7,-114.0,-106.0,1.877,1.943,0
2016-02-04,2015-16,NYR,MIN,4,2,-120.0,100.0,1.833,2.0,1
2016-02-04,2015-16,BUF,BOS,2,3,152.0,-172.0,2.52,1.581,0
2016-02-04,2015-16,FLA,DET,6,3,-165.0,145.0,1.606,2.45,1
2016-02-05,2015-16,TBL,PIT,6,3,-155.0,135.0,1.645,2.35,1
2016-02-05,2015-16,WPG,CAR,3,5,-135.0,115.0,1.741,2.15,0
2016-02-05,2015-16,CGY,CBJ,1,2,-170.0,150.0,1.588,2.5,0
2016-02-05,2015-16,ANA,ARI,5,2,-215.0,185.0,1.465,2.85,1
2016-02-06,2015-16,DAL,CHI,1,5,-115.0,-105.0,1.87,1.952,0
2016-02-06,2015-16,VAN,CGY,1,4,-141.0,121.0,1.709,2.21,0
2016-02-06,2015-16,COL,WPG,2,4,-145.0,125.0,1.69,2.25,0
2016-02-06,2015-16,STL,MIN,4,1,-140.0,120.0,1.714,2.2,1
2016-02-06,2015-16,NSH,SJS,6,2,250.0,-320.0,3.5,1.312,1
2016-02-06,2015-16,OTT,TOR,6,1,-115.0,-105.0,1.87,1.952,1
2016-02-06,2015-16,NJD,WSH,2,3,140.0,-160.0,2.4,1.625,0
2016-02-06,2015-16,BOS,BUF,2,1,-205.0,175.0,1.488,2.75,1
2016-02-06,2015-16,MTL,EDM,5,1,-120.0,100.0,1.833,2.0,1
2016-02-06,2015-16,DET,NYI,5,1,-110.0,-110.0,1.909,1.909,1
2016-02-06,2015-16,PHI,NYR,2,3,-110.0,-110.0,1.909,1.909,0
2016-02-06,2015-16,FLA,PIT,2,3,-165.0,145.0,1.606,2.45,0
2016-02-07,2015-16,WSH,PHI,3,2,-205.0,175.0,1.488,2.75,1
2016-02-07,2015-16,MTL,CAR,2,1,-120.0,100.0,1.833,2.0,1
2016-02-07,2015-16,NYI,EDM,8,1,-175.0,155.0,1.571,2.55,1
2016-02-08,2015-16,DET,FLA,3,0,-140.0,120.0,1.714,2.2,1
2016-02-08,2015-16,OTT,TBL,5,1,115.0,-135.0,2.15,1.741,1
2016-02-08,2015-16,PIT,ANA,6,2,-115.0,-105.0,1.87,1.952,1
2016-02-08,2015-16,NYR,NJD,2,1,-165.0,145.0,1.606,2.45,1
2016-02-09,2015-16,STL,WPG,1,2,-150.0,130.0,1.667,2.3,0
2016-02-09,2015-16,CGY,TOR,4,3,-155.0,135.0,1.645,2.35,1
2016-02-09,2015-16,COL,VAN,1,3,-135.0,115.0,1.741,2.15,0
2016-02-09,2015-16,CHI,SJS,0,2,-140.0,120.0,1.714,2.2,0
2016-02-09,2015-16,MIN,DAL,3,4,-105.0,-115.0,1.952,1.87,0
2016-02-09,2015-16,NSH,WSH,3,5,-115.0,-105.0,1.87,1.952,0
2016-02-09,2015-16,CBJ,NYI,2,3,120.0,-140.0,2.2,1.714,0
2016-02-09,2015-16,BOS,LAK,2,9,-115.0,-105.0,1.87,1.952,0
2016-02-09,2015-16,NJD,EDM,2,1,-120.0,100.0,1.833,2.0,1
2016-02-09,2015-16,BUF,FLA,4,7,110.0,-130.0,2.1,1.769,0
2016-02-09,2015-16,MTL,TBL,4,2,110.0,-130.0,2.1,1.769,1
2016-02-09,2015-16,PHI,ANA,1,4,-109.0,-111.0,1.917,1.901,0
2016-02-10,2015-16,DET,OTT,3,1,-150.0,130.0,1.667,2.3,1
2016-02-10,2015-16,PIT,NYR,0,3,-135.0,115.0,1.741,2.15,0
2016-02-10,2015-16,ARI,VAN,1,2,-135.0,115.0,1.741,2.15,0
2016-02-11,2015-16,SJS,CGY,5,6,-163.0,143.0,1.613,2.43,0
2016-02-11,2015-16,EDM,TOR,5,2,-161.0,141.0,1.621,2.41,1
2016-02-11,2015-16,WPG,BOS,2,6,-125.0,105.0,1.8,2.05,0
2016-02-11,2015-16,MIN,WSH,3,4,122.0,-142.0,2.22,1.704,0
2016-02-11,2015-16,CHI,DAL,2,4,-140.0,120.0,1.714,2.2,0
2016-02-11,2015-16,PHI,BUF,5,1,-155.0,135.0,1.645,2.35,1
2016-02-11,2015-16,NYI,LAK,5,2,-105.0,-115.0,1.952,1.87,1
2016-02-11,2015-16,CBJ,ANA,4,3,125.0,-145.0,2.25,1.69,1
2016-02-11,2015-16,OTT,COL,3,4,-123.0,103.0,1.813,2.03,0
2016-02-12,2015-16,CAR,PIT,1,2,-105.0,-115.0,1.952,1.87,0
2016-02-12,2015-16,BUF,MTL,6,4,112.0,-132.0,2.12,1.758,1
2016-02-12,2015-16,NYR,LAK,4,5,-120.0,100.0,1.833,2.0,0
2016-02-12,2015-16,DET,COL,2,3,-185.0,165.0,1.541,2.65,0
2016-02-12,2015-16,FLA,STL,3,5,-115.0,-105.0,1.87,1.952,0
2016-02-12,2015-16,TBL,NSH,4,3,-125.0,105.0,1.8,2.05,1
2016-02-12,2015-16,ARI,CGY,4,1,-127.0,107.0,1.787,2.07,1
2016-02-13,2015-16,DAL,WSH,4,3,-105.0,-115.0,1.952,1.87,1
2016-02-13,2015-16,SJS,ARI,4,1,-260.0,210.0,1.385,3.1,1
2016-02-13,2015-16,EDM,WPG,1,2,-105.0,-115.0,1.952,1.87,0
2016-02-13,2015-16,CHI,ANA,2,3,-140.0,120.0,1.714,2.2,0
2016-02-13,2015-16,FLA,NSH,0,5,-128.0,108.0,1.781,2.08,0
2016-02-13,2015-16,PHI,NJD,1,2,-128.0,108.0,1.781,2.08,0
2016-02-13,2015-16,CAR,NYI,6,3,125.0,-145.0,2.25,1.69,1
2016-02-13,2015-16,VAN,TOR,2,5,-165.0,145.0,1.606,2.45,0
2016-02-13,2015-16,MIN,BOS,2,4,-135.0,115.0,1.741,2.15,0
2016-02-13,2015-16,CBJ,OTT,4,2,-125.0,105.0,1.8,2.05,1
2016-02-14,2015-16,BUF,COL,4,1,-105.0,-115.0,1.952,1.87,1
2016-02-14,2015-16,NJD,LAK,1,0,145.0,-165.0,2.45,1.606,1
2016-02-14,2015-16,DET,BOS,6,5,-150.0,130.0,1.667,2.3,1
2016-02-14,2015-16,TBL,STL,1,2,-135.0,115.0,1.741,2.15,0
2016-02-14,2015-16,NYR,PHI,3,1,-160.0,140.0,1.625,2.4,1
2016-02-15,2015-16,VAN,MIN,2,5,117.0,-137.0,2.17,1.73,0
2016-02-15,2015-16,ARI,MTL,6,2,100.0,-120.0,2.0,1.833,1
2016-02-15,2015-16,CHI,TOR,7,2,-245.0,205.0,1.408,3.05,1
2016-02-15,2015-16,NYI,DET,4,1,-165.0,145.0,1.606,2.45,1
2016-02-15,2015-16,FLA,PIT,2,1,108.0,-128.0,2.08,1.781,1
2016-02-15,2015-16,CGY,ANA,4,6,107.0,-127.0,2.07,1.787,0
2016-02-15,2015-16,NSH,DAL,2,3,-116.0,-104.0,1.862,1.962,0
2016-02-16,2015-16,STL,DAL,2,1,-135.0,115.0,1.741,2.15,1
2016-02-16,2015-16,EDM,ANA,3,5,115.0,-135.0,2.15,1.741,0
2016-02-16,2015-16,TBL,SJS,2,4,-125.0,105.0,1.8,2.05,0
2016-02-16,2015-16,OTT,BUF,2,1,-155.0,135.0,1.645,2.35,1
2016-02-16,2015-16,CBJ,BOS,1,2,-108.0,-112.0,1.926,1.893,0
2016-02-16,2015-16,CAR,WPG,2,1,-115.0,-105.0,1.87,1.952,1
2016-02-16,2015-16,WSH,LAK,3,1,-127.0,107.0,1.787,2.07,1
2016-02-16,2015-16,NJD,PHI,3,6,-123.0,103.0,1.813,2.03,0
2016-02-17,2015-16,COL,MTL,3,2,-135.0,115.0,1.741,2.15,1
2016-02-17,2015-16,NYR,CHI,3,5,-115.0,-105.0,1.87,1.952,0
2016-02-17,2015-16,CGY,MIN,3,5,115.0,-135.0,2.15,1.741,0
2016-02-18,2015-16,STL,LAK,2,1,-119.0,-101.0,1.84,1.99,1
2016-02-18,2015-16,VAN,ANA,2,5,115.0,-135.0,2.15,1.741,0
2016-02-18,2015-16,ARI,DAL,6,3,120.0,-140.0,2.2,1.714,1
2016-02-18,2015-16,EDM,MIN,2,5,-121.0,101.0,1.826,2.01,0
2016-02-18,2015-16,NSH,BOS,2,0,-132.0,112.0,1.758,2.12,1
2016-02-18,2015-16,OTT,CAR,4,2,-109.0,-111.0,1.917,1.901,1
2016-02-18,2015-16,TBL,WPG,6,5,-146.0,126.0,1.685,2.26,1
2016-02-18,2015-16,TOR,NYR,2,4,115.0,-135.0,2.15,1.741,0
2016-02-18,2015-16,NYI,WSH,2,3,101.0,-121.0,2.01,1.826,0
2016-02-18,2015-16,PIT,DET,6,3,-132.0,112.0,1.758,2.12,1
2016-02-18,2015-16,FLA,SJS,1,2,116.0,-136.0,2.16,1.735,0
2016-02-19,2015-16,MTL,PHI,3,2,-115.0,-105.0,1.87,1.952,1
2016-02-19,2015-16,CBJ,BUF,0,4,-148.0,128.0,1.676,2.28,0
2016-02-19,2015-16,CGY,VAN,5,2,-155.0,135.0,1.645,2.35,1
2016-02-19,2015-16,CAR,SJS,5,2,110.0,-130.0,2.1,1.769,1
2016-02-19,2015-16,NJD,NYI,0,1,105.0,-125.0,2.05,1.8,0
2016-02-20,2015-16,EDM,COL,2,3,-130.0,110.0,1.769,2.1,0
2016-02-20,2015-16,ARI,STL,4,6,110.0,-130.0,2.1,1.769,0
2016-02-20,2015-16,DAL,BOS,3,7,-150.0,130.0,1.667,2.3,0
2016-02-20,2015-16,NSH,LAK,1,2,-130.0,110.0,1.769,2.1,0
2016-02-20,2015-16,WSH,NJD,4,3,-260.0,210.0,1.385,3.1,1
2016-02-20,2015-16,FLA,WPG,3,1,-137.0,117.0,1.73,2.17,1
2016-02-20,2015-16,TOR,PHI,4,5,-105.0,-115.0,1.952,1.87,0
2016-02-20,2015-16,PIT,TBL,2,4,-105.0,-115.0,1.952,1.87,0
2016-02-20,2015-16,OTT,DET,3,2,-105.0,-115.0,1.952,1.87,1
2016-02-21,2015-16,VAN,COL,5,1,-121.0,101.0,1.826,2.01,1
2016-02-21,2015-16,ANA,CGY,5,2,-200.0,170.0,1.5,2.7,1
2016-02-21,2015-16,CAR,TBL,2,4,-105.0,-115.0,1.952,1.87,0
2016-02-21,2015-16,MIN,CHI,6,1,-116.0,-104.0,1.862,1.962,1
2016-02-21,2015-16,BUF,PIT,3,4,115.0,-135.0,2.15,1.741,0
2016-02-21,2015-16,NYR,DET,1,0,-165.0,145.0,1.606,2.45,1
2016-02-22,2015-16,WSH,ARI,3,2,-260.0,210.0,1.385,3.1,1
2016-02-22,2015-16,BOS,CBJ,4,6,-156.0,136.0,1.641,2.36,0
2016-02-22,2015-16,MTL,NSH,1,2,115.0,-135.0,2.15,1.741,0
2016-02-22,2015-16,STL,SJS,3,6,-115.0,-105.0,1.87,1.952,0
2016-02-23,2015-16,WPG,DAL,3,5,115.0,-135.0,2.15,1.741,0
2016-02-23,2015-16,EDM,OTT,1,4,-115.0,-105.0,1.87,1.952,0
2016-02-23,2015-16,MIN,NYI,1,4,-135.0,115.0,1.741,2.15,0
2016-02-23,2015-16,TBL,ARI,2,1,-205.0,175.0,1.488,2.75,1
2016-02-23,2015-16,LAK,CGY,2,1,-215.0,185.0,1.465,2.85,1
2016-02-23,2015-16,DET,CBJ,2,1,-215.0,185.0,1.465,2.85,1
2016-02-23,2015-16,CAR,PHI,3,1,-142.0,122.0,1.704,2.22,1
2016-02-23,2015-16,NJD,NYR,5,2,112.0,-132.0,2.12,1.758,1
2016-02-23,2015-16,TOR,NSH,2,3,143.0,-163.0,2.43,1.613,0
2016-02-24,2015-16,COL,SJS,4,3,130.0,-150.0,2.3,1.667,1
2016-02-24,2015-16,ANA,BUF,1,0,-260.0,210.0,1.385,3.1,1
2016-02-24,2015-16,WSH,MTL,3,4,-240.0,200.0,1.417,3.0,0
2016-02-24,2015-16,BOS,PIT,5,1,-115.0,-105.0,1.87,1.952,1
2016-02-25,2015-16,CBJ,NJD,6,1,-120.0,100.0,1.833,2.0,1
2016-02-25,2015-16,PHI,MIN,3,2,-104.0,-116.0,1.962,1.862,1
2016-02-25,2015-16,TOR,CAR,3,1,140.0,-160.0,2.4,1.625,1
2016-02-25,2015-16,FLA,ARI,3,2,-165.0,145.0,1.606,2.45,1
2016-02-25,2015-16,STL,NYR,1,2,-115.0,-105.0,1.87,1.952,0
2016-02-25,2015-16,CHI,NSH,1,3,-145.0,125.0,1.69,2.25,0
2016-02-25,2015-16,DAL,WPG,3,6,-200.0,170.0,1.5,2.7,0
2016-02-25,2015-16,CGY,NYI,1,2,118.0,-138.0,2.18,1.725,0
2016-02-25,2015-16,VAN,OTT,5,3,-105.0,-115.0,1.952,1.87,1
2016-02-25,2015-16,LAK,EDM,2,1,-234.0,194.0,1.427,2.94,1
2016-02-26,2015-16,SJS,BUF,1,3,-239.0,199.0,1.418,2.99,0
2016-02-26,2015-16,ANA,EDM,2,1,-265.0,215.0,1.377,3.15,1
2016-02-26,2015-16,CAR,BOS,1,4,125.0,-145.0,2.25,1.69,0
2016-02-26,2015-16,NJD,TBL,0,4,130.0,-150.0,2.3,1.667,0
2016-02-26,2015-16,WSH,MIN,3,2,-215.0,185.0,1.465,2.85,1
2016-02-27,2015-16,PHI,ARI,4,2,-155.0,135.0,1.645,2.35,1
2016-02-27,2015-16,PIT,WPG,4,1,-215.0,185.0,1.465,2.85,1
2016-02-27,2015-16,CBJ,FLA,4,3,100.0,-120.0,2.0,1.833,1
2016-02-27,2015-16,NSH,STL,5,0,-135.0,115.0,1.741,2.15,1
2016-02-27,2015-16,DAL,NYR,2,3,-133.0,113.0,1.752,2.13,0
2016-02-27,2015-16,MTL,TOR,4,1,-175.0,155.0,1.571,2.55,1
2016-02-27,2015-16,COL,DET,3,5,100.0,-120.0,2.0,1.833,0
2016-02-27,2015-16,CGY,OTT,4,6,-105.0,-115.0,1.952,1.87,0
2016-02-27,2015-16,LAK,BUF,2,0,-240.0,200.0,1.417,3.0,1
2016-02-28,2015-16,EDM,NYI,3,1,123.0,-143.0,2.23,1.699,1
2016-02-28,2015-16,ANA,LAK,4,2,-136.0,116.0,1.735,2.16,1
2016-02-28,2015-16,VAN,SJS,1,4,147.0,-167.0,2.47,1.599,0
2016-02-28,2015-16,MIN,FLA,3,1,-165.0,145.0,1.606,2.45,1
2016-02-28,2015-16,CAR,STL,2,5,-114.0,-106.0,1.877,1.943,0
2016-02-28,2015-16,CHI,WSH,3,2,-125.0,105.0,1.8,2.05,1
2016-02-28,2015-16,BOS,TBL,1,4,-105.0,-115.0,1.952,1.87,0
2016-02-29,2015-16,PIT,ARI,6,0,-260.0,210.0,1.385,3.1,1
2016-02-29,2015-16,PHI,CGY,5,3,-160.0,140.0,1.625,2.4,1
2016-02-29,2015-16,NYR,CBJ,2,1,-155.0,135.0,1.645,2.35,1
2016-02-29,2015-16,TOR,TBL,1,2,150.0,-170.0,2.5,1.588,0
2016-02-29,2015-16,DAL,DET,2,3,-147.0,127.0,1.68,2.27,0
2016-02-29,2015-16,SJS,MTL,6,2,-170.0,150.0,1.588,2.5,1
2016-03-01,2015-16,WPG,FLA,2,3,100.0,-120.0,2.0,1.833,0
2016-03-01,2015-16,WSH,PIT,3,2,-158.0,138.0,1.633,2.38,1
2016-03-01,2015-16,VAN,NYI,2,3,135.0,-155.0,2.35,1.645,0
2016-03-01,2015-16,NSH,DAL,5,3,-150.0,130.0,1.667,2.3,1
2016-03-01,2015-16,MIN,COL,6,3,-172.0,152.0,1.581,2.52,1
2016-03-01,2015-16,BUF,EDM,1,2,-130.0,110.0,1.769,2.1,0
2016-03-01,2015-16,BOS,CGY,2,1,-260.0,210.0,1.385,3.1,1
2016-03-01,2015-16,NJD,CAR,1,3,-140.0,120.0,1.714,2.2,0
2016-03-01,2015-16,OTT,STL,3,4,-102.0,-118.0,1.98,1.847,0
2016-03-02,2015-16,WSH,TOR,3,2,-320.0,250.0,1.312,3.5,1
2016-03-02,2015-16,DET,CHI,2,5,-105.0,-115.0,1.952,1.87,0
2016-03-02,2015-16,ANA,MTL,3,2,-240.0,200.0,1.417,3.0,1
2016-03-03,2015-16,COL,FLA,3,2,-104.0,-116.0,1.962,1.862,1
2016-03-03,2015-16,ARI,ANA,1,5,135.0,-155.0,2.35,1.645,0
2016-03-03,2015-16,WPG,NYI,3,4,115.0,-135.0,2.15,1.741,0
2016-03-03,2015-16,VAN,SJS,2,3,140.0,-160.0,2.4,1.625,0
2016-03-03,2015-16,LAK,MTL,3,2,-260.0,210.0,1.385,3.1,1
2016-03-03,2015-16,NSH,NJD,4,5,-260.0,210.0,1.385,3.1,0
2016-03-03,2015-16,BOS,CHI,4,2,-135.0,115.0,1.741,2.15,1
2016-03-03,2015-16,TOR,MIN,1,2,195.0,-235.0,2.95,1.426,0
2016-03-03,2015-16,BUF,CGY,6,3,-121.0,101.0,1.826,2.01,1
2016-03-03,2015-16,PHI,EDM,0,4,-172.0,152.0,1.581,2.52,0
2016-03-03,2015-16,PIT,NYR,4,1,-148.0,128.0,1.676,2.28,1
2016-03-03,2015-16,OTT,TBL,1,4,125.0,-145.0,2.25,1.69,0
2016-03-04,2015-16,WSH,NYR,2,3,-205.0,175.0,1.488,2.75,0
2016-03-04,2015-16,CBJ,EDM,6,3,-182.0,162.0,1.549,2.62,1
2016-03-04,2015-16,DAL,NJD,4,2,-235.0,195.0,1.426,2.95,1
2016-03-05,2015-16,SJS,VAN,2,4,-270.0,220.0,1.37,3.2,0
2016-03-05,2015-16,ARI,FLA,5,1,130.0,-150.0,2.3,1.667,1
2016-03-05,2015-16,BOS,WSH,1,2,-135.0,115.0,1.741,2.15,0
2016-03-05,2015-16,TBL,CAR,4,3,-215.0,185.0,1.465,2.85,1
2016-03-05,2015-16,TOR,OTT,2,3,110.0,-130.0,2.1,1.769,0
2016-03-05,2015-16,PIT,CGY,2,4,-290.0,230.0,1.345,3.3,0
2016-03-05,2015-16,PHI,CBJ,6,0,-170.0,150.0,1.588,2.5,1
2016-03-05,2015-16,LAK,ANA,2,3,-135.0,115.0,1.741,2.15,0
2016-03-05,2015-16,COL,NSH,2,5,135.0,-155.0,2.35,1.645,0
2016-03-05,2015-16,BUF,MIN,2,3,140.0,-160.0,2.4,1.625,0
2016-03-05,2015-16,WPG,MTL,4,2,-127.0,107.0,1.787,2.07,1
2016-03-06,2015-16,MIN,STL,2,4,-125.0,105.0,1.8,2.05,0
2016-03-06,2015-16,NJD,PIT,1,6,135.0,-155.0,2.35,1.645,0
2016-03-06,2015-16,WPG,EDM,1,2,-117.0,-103.0,1.855,1.971,0
2016-03-06,2015-16,CHI,DET,4,1,-165.0,145.0,1.606,2.45,1
2016-03-06,2015-16,OTT,DAL,1,2,140.0,-160.0,2.4,1.625,0
2016-03-06,2015-16,NYR,NYI,4,6,-129.0,109.0,1.775,2.09,0
2016-03-07,2015-16,PHI,TBL,4,2,100.0,-120.0,2.0,1.833,1
2016-03-07,2015-16,TOR,BUF,3,4,100.0,-120.0,2.0,1.833,0
2016-03-07,2015-16,FLA,BOS,4,5,-112.0,-108.0,1.893,1.926,0
2016-03-07,2015-16,CGY,SJS,1,2,145.0,-165.0,2.45,1.606,0
2016-03-07,2015-16,COL,ARI,3,1,-156.0,136.0,1.641,2.36,1
2016-03-07,2015-16,ANA,WSH,1,2,-136.0,116.0,1.735,2.16,0
2016-03-07,2015-16,LAK,VAN,5,1,-275.0,225.0,1.364,3.25,1
2016-03-08,2015-16,EDM,SJS,0,3,105.0,-125.0,2.05,1.8,0
2016-03-08,2015-16,WPG,NSH,2,4,137.0,-157.0,2.37,1.637,0
2016-03-08,2015-16,MTL,DAL,4,3,135.0,-155.0,2.35,1.645,1
2016-03-08,2015-16,NYI,PIT,2,1,-105.0,-115.0,1.952,1.87,1
2016-03-08,2015-16,CBJ,DET,5,3,105.0,-125.0,2.05,1.8,1
2016-03-08,2015-16,CAR,OTT,4,3,-135.0,115.0,1.741,2.15,1
2016-03-08,2015-16,BUF,NYR,2,4,145.0,-165.0,2.45,1.606,0
2016-03-08,2015-16,TBL,BOS,0,1,-155.0,135.0,1.645,2.35,0
2016-03-09,2015-16,TOR,NYI,4,3,150.0,-170.0,2.5,1.588,1
2016-03-09,2015-16,STL,CHI,3,2,-105.0,-115.0,1.952,1.87,1
2016-03-09,2015-16,CGY,NSH,3,2,120.0,-140.0,2.2,1.714,1
2016-03-09,2015-16,COL,ANA,3,0,135.0,-155.0,2.35,1.645,1
2016-03-09,2015-16,VAN,ARI,3,2,-120.0,100.0,1.833,2.0,1
2016-03-09,2015-16,LAK,WSH,4,3,-130.0,110.0,1.769,2.1,1
2016-03-10,2015-16,SJS,NJD,0,3,-265.0,215.0,1.377,3.15,0
2016-03-10,2015-16,MTL,BUF,3,2,-128.0,108.0,1.781,2.08,1
2016-03-10,2015-16,MIN,EDM,1,2,-172.0,152.0,1.581,2.52,0
2016-03-10,2015-16,DET,WPG,3,2,-185.0,165.0,1.541,2.65,1
2016-03-10,2015-16,BOS,CAR,2,3,-200.0,170.0,1.5,2.7,0
2016-03-10,2015-16,FLA,OTT,6,2,-173.0,153.0,1.578,2.53,1
2016-03-11,2015-16,CBJ,PIT,2,3,143.0,-163.0,2.43,1.613,0
2016-03-11,2015-16,TBL,PHI,1,3,-175.0,155.0,1.571,2.55,0
2016-03-11,2015-16,STL,ANA,5,2,-115.0,-105.0,1.87,1.952,1
2016-03-11,2015-16,DAL,CHI,5,2,100.0,-120.0,2.0,1.833,1
2016-03-11,2015-16,CGY,ARI,1,4,-150.0,130.0,1.667,2.3,0
2016-03-12,2015-16,LAK,NJD,1,2,-260.0,210.0,1.385,3.1,0
2016-03-12,2015-16,SJS,WSH,5,2,-115.0,-105.0,1.87,1.952,1
2016-03-12,2015-16,EDM,ARI,0,4,-170.0,150.0,1.588,2.5,0
2016-03-12,2015-16,VAN,NSH,4,2,154.0,-174.0,2.54,1.575,1
2016-03-12,2015-16,DAL,STL,4,5,-125.0,105.0,1.8,2.05,0
2016-03-12,2015-16,WPG,COL,3,2,-125.0,105.0,1.8,2.05,1
2016-03-12,2015-16,OTT,TOR,4,0,-165.0,145.0,1.606,2.45,1
2016-03-12,2015-16,FLA,PHI,5,4,-160.0,140.0,1.625,2.4,1
2016-03-12,2015-16,DET,NYR,3,2,-115.0,-105.0,1.87,1.952,1
2016-03-12,2015-16,BOS,NYI,3,1,-120.0,100.0,1.833,2.0,1
2016-03-12,2015-16,BUF,CAR,3,2,-117.0,-103.0,1.855,1.971,1
2016-03-12,2015-16,MTL,MIN,1,4,125.0,-145.0,2.25,1.69,0
2016-03-13,2015-16,NYR,PIT,3,5,-120.0,100.0,1.833,2.0,0
2016-03-13,2015-16,CBJ,TBL,0,4,140.0,-160.0,2.4,1.625,0
2016-03-13,2015-16,DET,TOR,0,1,-235.0,195.0,1.426,2.95,0
2016-03-14,2015-16,ANA,NJD,7,1,-260.0,210.0,1.385,3.1,1
2016-03-14,2015-16,VAN,WPG,2,5,-117.0,-103.0,1.855,1.971,0
2016-03-14,2015-16,CGY,STL,7,4,146.0,-166.0,2.46,1.602,1
2016-03-14,2015-16,CHI,LAK,0,5,-135.0,115.0,1.741,2.15,0
2016-03-14,2015-16,NYI,FLA,3,2,-136.0,116.0,1.735,2.16,1
2016-03-14,2015-16,EDM,NSH,2,3,150.0,-170.0,2.5,1.588,0
2016-03-15,2015-16,PIT,NYI,2,1,-175.0,155.0,1.571,2.55,1
2016-03-15,2015-16,WSH,CAR,2,1,-230.0,190.0,1.435,2.9,1
2016-03-15,2015-16,TOR,TBL,4,1,160.0,-180.0,2.6,1.556,1
2016-03-15,2015-16,MTL,FLA,1,4,110.0,-130.0,2.1,1.769,0
2016-03-15,2015-16,PHI,DET,4,3,-120.0,100.0,1.833,2.0,1
2016-03-15,2015-16,OTT,MIN,3,2,115.0,-135.0,2.15,1.741,1
2016-03-15,2015-16,DAL,LAK,2,5,-115.0,-105.0,1.87,1.952,0
2016-03-15,2015-16,SJS,BOS,3,2,-133.0,113.0,1.752,2.13,1
2016-03-16,2015-16,EDM,STL,6,4,132.0,-152.0,2.32,1.658,1
2016-03-16,2015-16,ANA,NYR,1,2,-153.0,133.0,1.654,2.33,0
2016-03-16,2015-16,VAN,COL,1,3,-105.0,-115.0,1.952,1.87,0
2016-03-16,2015-16,CHI,PHI,2,3,-173.0,153.0,1.578,2.53,0
2016-03-16,2015-16,BUF,MTL,2,3,-152.0,132.0,1.658,2.32,0
2016-03-16,2015-16,CGY,WPG,4,1,-112.0,-108.0,1.893,1.926,1
2016-03-17,2015-16,ARI,SJS,3,1,150.0,-170.0,2.5,1.588,1
2016-03-17,2015-16,NJD,MIN,7,4,140.0,-160.0,2.4,1.625,1
2016-03-17,2015-16,PIT,CAR,4,2,-185.0,165.0,1.541,2.65,1
2016-03-17,2015-16,CBJ,DET,1,3,-105.0,-115.0,1.952,1.87,0
2016-03-17,2015-16,TOR,FLA,1,4,145.0,-165.0,2.45,1.606,0
2016-03-17,2015-16,NSH,NYI,4,2,-148.0,128.0,1.676,2.28,1
2016-03-17,2015-16,DAL,TBL,4,3,106.0,-126.0,2.06,1.794,1
2016-03-17,2015-16,LAK,NYR,4,3,-170.0,150.0,1.588,2.5,1
2016-03-18,2015-16,ANA,BOS,4,0,-165.0,145.0,1.606,2.45,1
2016-03-18,2015-16,CGY,COL,3,4,-125.0,105.0,1.8,2.05,0
2016-03-18,2015-16,EDM,VAN,2,0,-152.0,132.0,1.658,2.32,1
2016-03-18,2015-16,BUF,OTT,3,1,-115.0,-105.0,1.87,1.952,1
2016-03-18,2015-16,WPG,CHI,0,4,125.0,-145.0,2.25,1.69,0
2016-03-18,2015-16,WSH,NSH,4,1,-165.0,145.0,1.606,2.45,1
2016-03-19,2015-16,LAK,BOS,2,1,-170.0,150.0,1.588,2.5,1
2016-03-19,2015-16,ARI,TBL,0,2,145.0,-165.0,2.45,1.606,0
2016-03-19,2015-16,VAN,STL,0,3,165.0,-185.0,2.65,1.541,0
2016-03-19,2015-16,DAL,NYI,3,0,-124.0,104.0,1.806,2.04,1
2016-03-19,2015-16,FLA,DET,3,5,-133.0,113.0,1.752,2.13,0
2016-03-19,2015-16,TOR,BUF,4,1,-120.0,100.0,1.833,2.0,1
2016-03-19,2015-16,OTT,MTL,5,0,-140.0,120.0,1.714,2.2,1
2016-03-19,2015-16,CBJ,NJD,6,3,-152.0,132.0,1.658,2.32,1
2016-03-19,2015-16,SJS,NYR,4,1,-138.0,118.0,1.725,2.18,1
2016-03-19,2015-16,MIN,CAR,3,2,-168.0,148.0,1.595,2.48,1
2016-03-19,2015-16,PHI,PIT,1,4,-113.0,-107.0,1.885,1.935,0
2016-03-20,2015-16,SJS,ARI,3,0,-245.0,205.0,1.408,3.05,1
2016-03-20,2015-16,EDM,COL,2,3,-125.0,105.0,1.8,2.05,0
2016-03-20,2015-16,CHI,MIN,2,3,-170.0,150.0,1.588,2.5,0
2016-03-20,2015-16,WPG,ANA,2,3,152.0,-172.0,2.52,1.581,0
2016-03-20,2015-16,PIT,WSH,6,2,-111.0,-109.0,1.901,1.917,1
2016-03-20,2015-16,NJD,CBJ,2,1,-103.0,-117.0,1.971,1.855,1
2016-03-20,2015-16,MTL,CGY,1,4,-108.0,-112.0,1.926,1.893,0
2016-03-21,2015-16,NYR,FLA,4,2,-147.0,127.0,1.68,2.27,1
2016-03-21,2015-16,NYI,PHI,1,4,-124.0,104.0,1.806,2.04,0
2016-03-21,2015-16,TOR,CGY,5,2,-120.0,100.0,1.833,2.0,1
2016-03-21,2015-16,NSH,LAK,5,2,-128.0,108.0,1.781,2.08,1
2016-03-22,2015-16,SJS,STL,0,1,-137.0,117.0,1.73,2.17,0
2016-03-22,2015-16,ARI,EDM,4,2,-120.0,100.0,1.833,2.0,1
2016-03-22,2015-16,CHI,DAL,2,6,-147.0,127.0,1.68,2.27,0
2016-03-22,2015-16,MIN,LAK,2,1,-120.0,100.0,1.833,2.0,1
2016-03-22,2015-16,WPG,VAN,2,0,-143.0,123.0,1.699,2.23,1
2016-03-22,2015-16,TBL,DET,6,2,-148.0,128.0,1.676,2.28,1
2016-03-22,2015-16,OTT,WSH,2,4,129.0,-149.0,2.29,1.671,0
2016-03-22,2015-16,CAR,BUF,2,3,-132.0,112.0,1.758,2.12,0
2016-03-22,2015-16,CBJ,PHI,3,2,-115.0,-105.0,1.87,1.952,1
2016-03-22,2015-16,MTL,ANA,4,3,169.0,-189.0,2.69,1.529,1
2016-03-23,2015-16,NYI,OTT,3,1,-185.0,165.0,1.541,2.65,1
2016-03-23,2015-16,NYR,BOS,5,2,-125.0,105.0,1.8,2.05,1
2016-03-24,2015-16,SJS,EDM,3,6,-230.0,190.0,1.435,2.9,0
2016-03-24,2015-16,ARI,DAL,3,1,130.0,-150.0,2.3,1.667,1
2016-03-24,2015-16,COL,PHI,2,4,110.0,-130.0,2.1,1.769,0
2016-03-24,2015-16,NSH,VAN,3,2,-280.0,230.0,1.357,3.3,1
2016-03-24,2015-16,MIN,CGY,6,2,-175.0,155.0,1.571,2.55,1
2016-03-24,2015-16,WPG,LAK,4,1,146.0,-166.0,2.46,1.602,1
2016-03-24,2015-16,DET,MTL,4,3,-220.0,190.0,1.455,2.9,1
2016-03-24,2015-16,BOS,FLA,1,4,-115.0,-105.0,1.87,1.952,0
2016-03-24,2015-16,CBJ,CAR,2,3,-142.0,122.0,1.704,2.22,0
2016-03-24,2015-16,PIT,NJD,0,3,-285.0,235.0,1.351,3.35,0
2016-03-24,2015-16,TOR,ANA,6,5,160.0,-180.0,2.6,1.556,1
2016-03-25,2015-16,NJD,WSH,0,1,165.0,-185.0,2.65,1.541,0
2016-03-25,2015-16,TBL,NYI,7,4,-150.0,130.0,1.667,2.3,1
2016-03-25,2015-16,STL,VAN,4,0,-290.0,230.0,1.345,3.3,1
2016-03-26,2015-16,TBL,FLA,2,5,-115.0,-105.0,1.87,1.952,0
2016-03-26,2015-16,CGY,CHI,1,4,145.0,-165.0,2.45,1.606,0
2016-03-26,2015-16,ARI,PHI,2,1,115.0,-135.0,2.15,1.741,1
2016-03-26,2015-16,LAK,EDM,6,4,-265.0,215.0,1.377,3.15,1
2016-03-26,2015-16,NSH,CBJ,5,1,-185.0,165.0,1.541,2.65,1
2016-03-26,2015-16,WSH,STL,0,4,-143.0,123.0,1.699,2.23,0
2016-03-26,2015-16,TOR,BOS,1,3,155.0,-175.0,2.55,1.571,0
2016-03-26,2015-16,DET,PIT,2,7,-108.0,-112.0,1.926,1.893,0
2016-03-26,2015-16,MTL,NYR,2,5,132.0,-152.0,2.32,1.658,0
2016-03-26,2015-16,BUF,WPG,3,2,-123.0,103.0,1.813,2.03,1
2016-03-26,2015-16,COL,MIN,0,4,118.0,-138.0,2.18,1.725,0
2016-03-26,2015-16,CAR,NYI,3,4,-112.0,-108.0,1.893,1.926,0
2016-03-26,2015-16,OTT,ANA,3,4,125.0,-145.0,2.25,1.69,0
2016-03-26,2015-16,SJS,DAL,2,4,-147.0,127.0,1.68,2.27,0
2016-03-27,2015-16,CAR,NJD,3,2,-130.0,110.0,1.769,2.1,1
2016-03-27,2015-16,NYR,PIT,2,3,-130.0,110.0,1.769,2.1,0
2016-03-27,2015-16,VAN,CHI,2,3,146.0,-166.0,2.46,1.602,0
2016-03-28,2015-16,SJS,LAK,5,2,-115.0,-105.0,1.87,1.952,1
2016-03-28,2015-16,ARI,CGY,2,5,-115.0,-105.0,1.87,1.952,0
2016-03-28,2015-16,EDM,ANA,1,2,140.0,-160.0,2.4,1.625,0
2016-03-28,2015-16,NSH,COL,3,4,-230.0,190.0,1.435,2.9,0
2016-03-28,2015-16,DET,BUF,3,2,-155.0,135.0,1.645,2.35,1
2016-03-28,2015-16,TBL,TOR,3,0,-245.0,205.0,1.408,3.05,1
2016-03-28,2015-16,PHI,WPG,3,2,-185.0,165.0,1.541,2.65,1
2016-03-28,2015-16,WSH,CBJ,4,1,-230.0,190.0,1.435,2.9,1
2016-03-29,2015-16,VAN,SJS,1,4,150.0,-170.0,2.5,1.588,0
2016-03-29,2015-16,DAL,NSH,5,2,-120.0,100.0,1.833,2.0,1
2016-03-29,2015-16,MIN,CHI,4,1,-136.0,116.0,1.735,2.16,1
2016-03-29,2015-16,FLA,TOR,2,5,-265.0,215.0,1.377,3.15,0
2016-03-29,2015-16,STL,COL,3,1,-245.0,205.0,1.408,3.05,1
2016-03-29,2015-16,NYI,CAR,2,1,-170.0,150.0,1.588,2.5,1
2016-03-29,2015-16,NJD,BOS,2,1,142.0,-162.0,2.42,1.617,1
2016-03-29,2015-16,MTL,DET,4,3,113.0,-133.0,2.13,1.752,1
2016-03-29,2015-16,PIT,BUF,5,4,-245.0,205.0,1.408,3.05,1
2016-03-30,2015-16,ANA,CGY,8,3,-260.0,210.0,1.385,3.1,1
2016-03-30,2015-16,WPG,OTT,1,2,-125.0,105.0,1.8,2.05,0
2016-03-30,2015-16,PHI,WSH,2,1,-124.0,104.0,1.806,2.04,1
2016-03-31,2015-16,SJS,VAN,2,4,-290.0,230.0,1.345,3.3,0
2016-03-31,2015-16,LAK,CGY,3,0,-275.0,225.0,1.364,3.25,1
2016-03-31,2015-16,DAL,ARI,4,1,-210.0,180.0,1.476,2.8,1
2016-03-31,2015-16,TBL,MTL,0,3,-240.0,200.0,1.417,3.0,0
2016-03-31,2015-16,MIN,OTT,2,3,-265.0,215.0,1.377,3.15,0
2016-03-31,2015-16,CAR,NYR,4,3,140.0,-160.0,2.4,1.625,1
2016-03-31,2015-16,BUF,TOR,4,1,-135.0,115.0,1.741,2.15,1
2016-03-31,2015-16,PIT,NSH,5,2,-135.0,115.0,1.741,2.15,1
2016-03-31,2015-16,NYI,CBJ,4,3,-175.0,155.0,1.571,2.55,1
2016-03-31,2015-16,FLA,NJD,3,2,-180.0,160.0,1.556,2.6,1
2016-04-01,2015-16,DET,MIN,3,2,-130.0,110.0,1.769,2.1,1
2016-04-01,2015-16,STL,BOS,5,6,-160.0,140.0,1.625,2.4,0
2016-04-01,2015-16,WPG,CHI,4,5,135.0,-155.0,2.35,1.645,0
2016-04-01,2015-16,COL,WSH,2,4,105.0,-125.0,2.05,1.8,0
2016-04-01,2015-16,ANA,VAN,2,3,-320.0,250.0,1.312,3.5,0
2016-04-02,2015-16,NYR,BUF,3,4,-210.0,180.0,1.476,2.8,0
2016-04-02,2015-16,EDM,CGY,0,5,-143.0,123.0,1.699,2.23,0
2016-04-02,2015-16,NSH,SJS,2,3,-115.0,-105.0,1.87,1.952,0
2016-04-02,2015-16,TOR,DET,2,3,122.0,-142.0,2.22,1.704,0
2016-04-02,2015-16,ARI,WSH,3,0,122.0,-142.0,2.22,1.704,1
2016-04-02,2015-16,FLA,MTL,4,3,-205.0,175.0,1.488,2.75,1
2016-04-02,2015-16,CAR,CBJ,1,5,-126.0,106.0,1.794,2.06,0
2016-04-02,2015-16,LAK,DAL,2,3,-150.0,130.0,1.667,2.3,0
2016-04-02,2015-16,NYI,PIT,0,5,105.0,-125.0,2.05,1.8,0
2016-04-02,2015-16,PHI,OTT,3,2,-200.0,170.0,1.5,2.7,1
2016-04-02,2015-16,TBL,NJD,3,1,-178.0,158.0,1.562,2.58,1
2016-04-03,2015-16,COL,STL,1,5,130.0,-150.0,2.3,1.667,0
2016-04-03,2015-16,WPG,MIN,5,1,130.0,-150.0,2.3,1.667,1
2016-04-03,2015-16,ANA,DAL,3,1,-163.0,143.0,1.613,2.43,1
2016-04-03,2015-16,CHI,BOS,6,4,-114.0,-106.0,1.877,1.943,1
2016-04-03,2015-16,PIT,PHI,6,2,-147.0,127.0,1.68,2.27,1
2016-04-04,2015-16,NYI,TBL,5,2,-115.0,-105.0,1.87,1.952,1
2016-04-04,2015-16,CBJ,NYR,2,4,142.0,-162.0,2.42,1.617,0
2016-04-04,2015-16,TOR,FLA,3,4,139.0,-159.0,2.39,1.629,0
2016-04-04,2015-16,STL,ARI,5,2,-230.0,190.0,1.435,2.9,1
2016-04-04,2015-16,VAN,LAK,3,2,175.0,-205.0,2.75,1.488,1
2016-04-05,2015-16,MIN,SJS,0,3,-120.0,100.0,1.833,2.0,0
2016-04-05,2015-16,ANA,WPG,1,2,-240.0,200.0,1.417,3.0,0
2016-04-05,2015-16,CHI,ARI,6,2,-260.0,210.0,1.385,3.1,1
2016-04-05,2015-16,NSH,COL,4,3,-205.0,175.0,1.488,2.75,1
2016-04-05,2015-16,MTL,FLA,1,4,110.0,-130.0,2.1,1.769,0
2016-04-05,2015-16,CGY,LAK,4,5,125.0,-145.0,2.25,1.69,0
2016-04-05,2015-16,OTT,PIT,3,5,160.0,-180.0,2.6,1.556,0
2016-04-05,2015-16,NJD,BUF,1,3,-122.0,102.0,1.82,2.02,0
2016-04-05,2015-16,WSH,NYI,3,4,-185.0,165.0,1.541,2.65,0
2016-04-05,2015-16,BOS,CAR,1,2,-215.0,185.0,1.465,2.85,0
2016-04-05,2015-16,NYR,TBL,3,2,-152.0,132.0,1.658,2.32,1
2016-04-06,2015-16,TOR,CBJ,1,5,105.0,-125.0,2.05,1.8,0
2016-04-06,2015-16,DET,PHI,3,0,-120.0,100.0,1.833,2.0,1
2016-04-06,2015-16,EDM,VAN,6,2,-160.0,140.0,1.625,2.4,1
2016-04-07,2015-16,SJS,WPG,4,5,-205.0,175.0,1.488,2.75,0
2016-04-07,2015-16,LAK,ANA,2,1,-121.0,101.0,1.826,2.01,1
2016-04-07,2015-16,CGY,VAN,7,3,-170.0,150.0,1.588,2.5,1
2016-04-07,2015-16,CHI,STL,1,2,-115.0,-105.0,1.87,1.952,0
2016-04-07,2015-16,DAL,COL,4,2,-230.0,190.0,1.435,2.9,1
2016-04-07,2015-16,NSH,ARI,3,2,-230.0,190.0,1.435,2.9,1
2016-04-07,2015-16,OTT,FLA,3,1,-101.0,-119.0,1.99,1.84,1
2016-04-07,2015-16,NJD,TBL,2,4,125.0,-145.0,2.25,1.69,0
2016-04-07,2015-16,PHI,TOR,3,4,-290.0,230.0,1.345,3.3,0
2016-04-07,2015-16,NYR,NYI,1,4,-145.0,125.0,1.69,2.25,0
2016-04-07,2015-16,CAR,MTL,2,4,-145.0,125.0,1.69,2.25,0
2016-04-07,2015-16,WSH,PIT,3,4,-131.0,111.0,1.763,2.11,0
2016-04-07,2015-16,BOS,DET,5,2,-164.0,144.0,1.61,2.44,1
2016-04-08,2015-16,BUF,CBJ,1,4,-115.0,-105.0,1.87,1.952,0
2016-04-09,2015-16,NYI,BUF,3,4,-173.0,153.0,1.578,2.53,0
2016-04-09,2015-16,VAN,EDM,4,3,-104.0,-116.0,1.962,1.862,1
2016-04-09,2015-16,SJS,ARI,1,0,-230.0,190.0,1.435,2.9,1
2016-04-09,2015-16,LAK,WPG,3,4,-245.0,205.0,1.408,3.05,0
2016-04-09,2015-16,DAL,NSH,3,2,-180.0,160.0,1.556,2.6,1
2016-04-09,2015-16,STL,WSH,1,5,-140.0,120.0,1.714,2.2,0
2016-04-09,2015-16,FLA,CAR,5,2,-170.0,150.0,1.588,2.5,1
2016-04-09,2015-16,BOS,OTT,1,6,-270.0,220.0,1.37,3.2,0
2016-04-09,2015-16,CBJ,CHI,5,4,105.0,-125.0,2.05,1.8,1
2016-04-09,2015-16,NJD,TOR,5,1,-150.0,130.0,1.667,2.3,1
2016-04-09,2015-16,MIN,CGY,1,2,-160.0,140.0,1.625,2.4,0
2016-04-09,2015-16,COL,ANA,3,5,148.0,-168.0,2.48,1.595,0
2016-04-09,2015-16,PHI,PIT,3,1,-200.0,170.0,1.5,2.7,1
2016-04-09,2015-16,NYR,DET,3,2,112.0,-132.0,2.12,1.758,1
2016-04-09,2015-16,MTL,TBL,5,2,-120.0,100.0,1.833,2.0,1
2016-04-10,2015-16,NYI,PHI,2,5,105.0,-125.0,2.05,1.8,0
2016-04-10,2015-16,WSH,ANA,0,2,101.0,-121.0,2.01,1.826,0
2016-04-13,2015-16,TBL,DET,3,2,-158.0,138.0,1.633,2.38,1
2016-04-13,2015-16,PIT,NYR,5,2,-143.0,123.0,1.699,2.23,1
2016-04-13,2015-16,STL,CHI,1,0,-140.0,120.0,1.714,2.2,1
2016-04-14,2015-16,LAK,SJS,3,4,-140.0,120.0,1.714,2.2,0
2016-04-14,2015-16,DAL,MIN,4,0,-185.0,165.0,1.541,2.65,1
2016-04-14,2015-16,WSH,PHI,2,0,-230.0,190.0,1.435,2.9,1
2016-04-14,2015-16,FLA,NYI,4,5,-158.0,138.0,1.633,2.38,0
2016-04-15,2015-16,ANA,NSH,2,3,-160.0,140.0,1.625,2.4,0
2016-04-15,2015-16,TBL,DET,5,2,-155.0,135.0,1.645,2.35,1
2016-04-15,2015-16,FLA,NYI,3,1,-160.0,140.0,1.625,2.4,1
2016-04-15,2015-16,STL,CHI,2,3,-115.0,-105.0,1.87,1.952,0
2016-04-16,2015-16,LAK,SJS,1,2,-160.0,140.0,1.625,2.4,0
2016-04-16,2015-16,PIT,NYR,2,4,-177.0,157.0,1.565,2.57,0
2016-04-16,2015-16,WSH,PHI,4,1,-230.0,190.0,1.435,2.9,1
2016-04-16,2015-16,DAL,MIN,2,1,-210.0,180.0,1.476,2.8,1
2016-04-17,2015-16,ANA,NSH,2,3,-175.0,155.0,1.571,2.55,0
2016-04-17,2015-16,NYI,FLA,4,3,-105.0,-115.0,1.952,1.87,1
2016-04-17,2015-16,CHI,STL,2,3,-150.0,130.0,1.667,2.3,0
2016-04-17,2015-16,DET,TBL,2,0,-124.0,104.0,1.806,2.04,1
2016-04-18,2015-16,PHI,WSH,1,6,115.0,-135.0,2.15,1.741,0
2016-04-18,2015-16,MIN,DAL,5,3,-101.0,-119.0,1.99,1.84,1
2016-04-18,2015-16,SJS,LAK,1,2,-113.0,-107.0,1.885,1.935,0
2016-04-19,2015-16,DET,TBL,2,3,-130.0,110.0,1.769,2.1,0
2016-04-19,2015-16,NYR,PIT,1,3,-102.0,-118.0,1.98,1.847,0
2016-04-19,2015-16,CHI,STL,3,4,-155.0,135.0,1.645,2.35,0
2016-04-19,2015-16,NSH,ANA,0,3,-112.0,-108.0,1.893,1.926,0
2016-04-20,2015-16,SJS,LAK,3,2,-125.0,105.0,1.8,2.05,1
2016-04-20,2015-16,PHI,WSH,2,1,137.0,-157.0,2.37,1.637,1
2016-04-20,2015-16,NYI,FLA,1,2,-108.0,-112.0,1.926,1.893,0
2016-04-20,2015-16,MIN,DAL,2,3,112.0,-132.0,2.12,1.758,0
2016-04-21,2015-16,STL,CHI,3,4,-123.0,103.0,1.813,2.03,0
2016-04-21,2015-16,NSH,ANA,1,4,-108.0,-112.0,1.926,1.893,0
2016-04-21,2015-16,NYR,PIT,0,5,-103.0,-117.0,1.971,1.855,0
2016-04-21,2015-16,TBL,DET,1,0,-147.0,127.0,1.68,2.27,1
2016-04-22,2015-16,WSH,PHI,0,2,-265.0,215.0,1.377,3.15,0
2016-04-22,2015-16,FLA,NYI,1,2,-158.0,138.0,1.633,2.38,0
2016-04-22,2015-16,DAL,MIN,4,5,-185.0,165.0,1.541,2.65,0
2016-04-22,2015-16,LAK,SJS,3,6,-140.0,120.0,1.714,2.2,0
2016-04-23,2015-16,ANA,NSH,5,2,-166.0,146.0,1.602,2.46,1
2016-04-23,2015-16,PIT,NYR,6,3,-180.0,160.0,1.556,2.6,1
2016-04-23,2015-16,CHI,STL,6,3,-158.0,138.0,1.633,2.38,1
2016-04-24,2015-16,NYI,FLA,2,1,-105.0,-115.0,1.952,1.87,1
2016-04-24,2015-16,MIN,DAL,4,5,112.0,-132.0,2.12,1.758,0
2016-04-24,2015-16,PHI,WSH,0,1,152.0,-172.0,2.52,1.581,0
2016-04-25,2015-16,STL,CHI,3,2,-109.0,-111.0,1.917,1.901,1
2016-04-25,2015-16,NSH,ANA,3,1,-106.0,-114.0,1.943,1.877,1
2016-04-27,2015-16,TBL,NYI,3,5,-152.0,132.0,1.658,2.32,0
2016-04-27,2015-16,ANA,NSH,1,2,-168.0,148.0,1.595,2.48,0
2016-04-28,2015-16,WSH,PIT,4,3,-125.0,105.0,1.8,2.05,1
2016-04-29,2015-16,DAL,STL,2,1,-115.0,-105.0,1.87,1.952,1
2016-04-29,2015-16,SJS,NSH,5,2,-165.0,145.0,1.606,2.45,1
2016-04-30,2015-16,TBL,NYI,4,1,-165.0,145.0,1.606,2.45,1
2016-04-30,2015-16,WSH,PIT,1,2,-135.0,115.0,1.741,2.15,0
2016-05-01,2015-16,DAL,STL,3,4,-125.0,105.0,1.8,2.05,0
2016-05-01,2015-16,SJS,NSH,3,2,-162.0,142.0,1.617,2.42,1
2016-05-02,2015-16,PIT,WSH,3,2,-140.0,120.0,1.714,2.2,1
2016-05-03,2015-16,STL,DAL,6,1,-145.0,125.0,1.69,2.25,1
2016-05-03,2015-16,NSH,SJS,4,1,-115.0,-105.0,1.87,1.952,1
2016-05-03,2015-16,NYI,TBL,4,5,-111.0,-109.0,1.901,1.917,0
2016-05-04,2015-16,PIT,WSH,3,2,120.0,-140.0,2.2,1.714,1
2016-05-05,2015-16,STL,DAL,2,3,-150.0,130.0,1.667,2.3,0
2016-05-05,2015-16,NSH,SJS,4,3,-105.0,-115.0,1.952,1.87,1
2016-05-06,2015-16,NYI,TBL,1,2,-115.0,-105.0,1.87,1.952,0
2016-05-07,2015-16,WSH,PIT,3,1,-155.0,135.0,1.645,2.35,1
2016-05-07,2015-16,DAL,STL,1,4,-118.0,-102.0,1.847,1.98,0
2016-05-07,2015-16,SJS,NSH,5,1,-175.0,155.0,1.571,2.55,1
2016-05-08,2015-16,TBL,NYI,4,0,-160.0,140.0,1.625,2.4,1
2016-05-09,2015-16,NSH,SJS,4,3,100.0,-120.0,2.0,1.833,1
2016-05-09,2015-16,STL,DAL,2,3,-165.0,145.0,1.606,2.45,0
2016-05-10,2015-16,PIT,WSH,4,3,-140.0,120.0,1.714,2.2,1
2016-05-11,2015-16,DAL,STL,1,6,-105.0,-115.0,1.952,1.87,0
2016-05-12,2015-16,SJS,NSH,5,0,-170.0,150.0,1.588,2.5,1
2016-05-13,2015-16,PIT,TBL,1,3,-185.0,165.0,1.541,2.65,0
2016-05-15,2015-16,STL,SJS,2,1,-135.0,115.0,1.741,2.15,1
2016-05-16,2015-16,PIT,TBL,3,2,-215.0,185.0,1.465,2.85,1
2016-05-17,2015-16,STL,SJS,0,4,-130.0,110.0,1.769,2.1,0
2016-05-18,2015-16,TBL,PIT,2,4,118.0,-138.0,2.18,1.725,0
2016-05-19,2015-16,SJS,STL,3,0,-150.0,130.0,1.667,2.3,1
2016-05-20,2015-16,TBL,PIT,4,3,130.0,-150.0,2.3,1.667,1
2016-05-21,2015-16,SJS,STL,3,6,-160.0,140.0,1.625,2.4,0
2016-05-22,2015-16,PIT,TBL,3,4,-200.0,170.0,1.5,2.7,0
2016-05-23,2015-16,STL,SJS,3,6,-115.0,-105.0,1.87,1.952,0
2016-05-24,2015-16,TBL,PIT,2,5,117.0,-137.0,2.17,1.73,0
2016-05-25,2015-16,SJS,STL,5,2,-158.0,138.0,1.633,2.38,1
2016-05-26,2015-16,PIT,TBL,2,1,-205.0,175.0,1.488,2.75,1
2016-05-30,2015-16,PIT,SJS,3,2,-140.0,120.0,1.714,2.2,1
2016-06-01,2015-16,PIT,SJS,2,1,-125.0,105.0,1.8,2.05,1
2016-06-04,2015-16,SJS,PIT,3,2,-156.0,136.0,1.641,2.36,1
2016-06-06,2015-16,SJS,PIT,1,3,-137.0,117.0,1.73,2.17,0
2016-06-09,2015-16,PIT,SJS,2,4,-172.0,152.0,1.581,2.52,0
